<?xml version="1.0" encoding="UTF-8"?>


<!--Copyrights reserved for IRIS Business Services Ltd. 2018-->
<!-- © 2018 - Generated by IRIS Noah Taxonomy Editor -->
<!--
Taxonomy: 2018-05-01 (Final)
Copyright © 2018 ,Civic authorities, United States of America
All rights reserved.   
Civic Authorities Financial Reporting Taxonomy 2018
Documentation of concepts
 -->
<link:linkbase xmlns:xsi="http://www.w3.org/2001/XMLSchema-instance" xsi:schemaLocation="http://www.xbrl.org/2003/linkbase http://www.xbrl.org/2003/xbrl-linkbase-2003-12-31.xsd" xmlns:link="http://www.xbrl.org/2003/linkbase" xmlns:xbrli="http://www.xbrl.org/2003/instance" xmlns:xlink="http://www.w3.org/1999/xlink">
  <link:roleRef roleURI="http://www.xbrl.org/2009/role/netLabel" xlink:type="simple" xlink:href="http://www.xbrl.org/lrr/role/net-2009-12-16.xsd#netLabel"/>
  <link:labelLink xlink:type="extended" xlink:role="http://www.xbrl.org/2003/role/link">
    <link:loc xlink:type="locator" xlink:href="us-cafr_core.xsd#us-cafr_CashAndCashEquivalents" xlink:label="CashAndCashEquivalents" xlink:title="CashAndCashEquivalents"/>
    <link:label xlink:type="resource" xlink:label="label_CashAndCashEquivalents" xlink:role="http://www.xbrl.org/2003/role/documentation" xlink:title="label_CashAndCashEquivalents" xml:lang="en" id="label_CashAndCashEquivalents">Report the value, as at the relevant date, of the aggregate of cash and cash equivalents. It includes cash balances in hand and receivables due from a  bank. Cash in hand includes gold coin, gold bullion and gold certificates; and local and foreign currency. Receivables includes any amount due to the reporting entity.</link:label>
    <link:labelArc xlink:type="arc" xlink:arcrole="http://www.xbrl.org/2003/arcrole/concept-label" xlink:from="CashAndCashEquivalents" xlink:to="label_CashAndCashEquivalents" xlink:title="label: CashAndCashEquivalents to label_CashAndCashEquivalents"/>
    <link:loc xlink:type="locator" xlink:href="us-cafr_core.xsd#us-cafr_Investments" xlink:label="Investments" xlink:title="Investments"/>
    <link:label xlink:type="resource" xlink:label="label_Investments" xlink:role="http://www.xbrl.org/2003/role/documentation" xlink:title="label_Investments" xml:lang="en" id="label_Investments">Report the value, as at the relevant date, of investments made by the reporting entity.</link:label>
    <link:labelArc xlink:type="arc" xlink:arcrole="http://www.xbrl.org/2003/arcrole/concept-label" xlink:from="Investments" xlink:to="label_Investments" xlink:title="label: Investments to label_Investments"/>
    <link:loc xlink:type="locator" xlink:href="us-cafr_core.xsd#us-cafr_Receivables" xlink:label="Receivables" xlink:title="Receivables"/>
    <link:label xlink:type="resource" xlink:label="label_Receivables" xlink:role="http://www.xbrl.org/2003/role/documentation" xlink:title="label_Receivables" xml:lang="en" id="label_Receivables">Report the value, as at the relevant date, of receivables due to the reporting entity.</link:label>
    <link:labelArc xlink:type="arc" xlink:arcrole="http://www.xbrl.org/2003/arcrole/concept-label" xlink:from="Receivables" xlink:to="label_Receivables" xlink:title="label: Receivables to label_Receivables"/>
    <link:loc xlink:type="locator" xlink:href="us-cafr_core.xsd#us-cafr_InternalBalancesAssets" xlink:label="InternalBalancesAssets" xlink:title="InternalBalancesAssets"/>
    <link:label xlink:type="resource" xlink:label="label_InternalBalancesAssets" xlink:role="http://www.xbrl.org/2003/role/documentation" xlink:title="label_InternalBalancesAssets" xml:lang="en" id="label_InternalBalancesAssets">Report the value, as at the relevant date, of internal balances due to the reporting entity.</link:label>
    <link:labelArc xlink:type="arc" xlink:arcrole="http://www.xbrl.org/2003/arcrole/concept-label" xlink:from="InternalBalancesAssets" xlink:to="label_InternalBalancesAssets" xlink:title="label: InternalBalancesAssets to label_InternalBalancesAssets"/>
    <link:loc xlink:type="locator" xlink:href="us-cafr_core.xsd#us-cafr_DueFromOtherGovernmentalAgencies" xlink:label="DueFromOtherGovernmentalAgencies" xlink:title="DueFromOtherGovernmentalAgencies"/>
    <link:label xlink:type="resource" xlink:label="label_DueFromOtherGovernmentalAgencies" xlink:role="http://www.xbrl.org/2003/role/documentation" xlink:title="label_DueFromOtherGovernmentalAgencies" xml:lang="en" id="label_DueFromOtherGovernmentalAgencies">Report the value, as at the relevant date, of due from other governmental agencies to the reporting entity.</link:label>
    <link:labelArc xlink:type="arc" xlink:arcrole="http://www.xbrl.org/2003/arcrole/concept-label" xlink:from="DueFromOtherGovernmentalAgencies" xlink:to="label_DueFromOtherGovernmentalAgencies" xlink:title="label: DueFromOtherGovernmentalAgencies to label_DueFromOtherGovernmentalAgencies"/>
    <link:loc xlink:type="locator" xlink:href="us-cafr_core.xsd#us-cafr_AssetsInventories" xlink:label="AssetsInventories" xlink:title="AssetsInventories"/>
    <link:label xlink:type="resource" xlink:label="label_AssetsInventories" xlink:role="http://www.xbrl.org/2003/role/documentation" xlink:title="label_AssetsInventories" xml:lang="en" id="label_AssetsInventories">Report the value, as at the relevant date, of inventories held by  the reporting entity.</link:label>
    <link:labelArc xlink:type="arc" xlink:arcrole="http://www.xbrl.org/2003/arcrole/concept-label" xlink:from="AssetsInventories" xlink:to="label_AssetsInventories" xlink:title="label: AssetsInventories to label_AssetsInventories"/>
    <link:loc xlink:type="locator" xlink:href="us-cafr_core.xsd#us-cafr_AssetsPropertyHeldForResale" xlink:label="AssetsPropertyHeldForResale" xlink:title="AssetsPropertyHeldForResale"/>
    <link:label xlink:type="resource" xlink:label="label_AssetsPropertyHeldForResale" xlink:role="http://www.xbrl.org/2003/role/documentation" xlink:title="label_AssetsPropertyHeldForResale" xml:lang="en" id="label_AssetsPropertyHeldForResale">Report the value, as at the relevant date, of property held for resale by the reporting entity.</link:label>
    <link:labelArc xlink:type="arc" xlink:arcrole="http://www.xbrl.org/2003/arcrole/concept-label" xlink:from="AssetsPropertyHeldForResale" xlink:to="label_AssetsPropertyHeldForResale" xlink:title="label: AssetsPropertyHeldForResale to label_AssetsPropertyHeldForResale"/>
    <link:loc xlink:type="locator" xlink:href="us-cafr_core.xsd#us-cafr_PrepaidExpensesAndDeposits" xlink:label="PrepaidExpensesAndDeposits" xlink:title="PrepaidExpensesAndDeposits"/>
    <link:label xlink:type="resource" xlink:label="label_PrepaidExpensesAndDeposits" xlink:role="http://www.xbrl.org/2003/role/documentation" xlink:title="label_PrepaidExpensesAndDeposits" xml:lang="en" id="label_PrepaidExpensesAndDeposits">Report the value, as at the relevant date, of prepaid expenses and deposits due to the reporting entity.</link:label>
    <link:labelArc xlink:type="arc" xlink:arcrole="http://www.xbrl.org/2003/arcrole/concept-label" xlink:from="PrepaidExpensesAndDeposits" xlink:to="label_PrepaidExpensesAndDeposits" xlink:title="label: PrepaidExpensesAndDeposits to label_PrepaidExpensesAndDeposits"/>
    <link:loc xlink:type="locator" xlink:href="us-cafr_core.xsd#us-cafr_AssetsContractReceivableFromOtherGovernmentalAgency" xlink:label="AssetsContractReceivableFromOtherGovernmentalAgency" xlink:title="AssetsContractReceivableFromOtherGovernmentalAgency"/>
    <link:label xlink:type="resource" xlink:label="label_AssetsContractReceivableFromOtherGovernmentalAgency" xlink:role="http://www.xbrl.org/2003/role/documentation" xlink:title="label_AssetsContractReceivableFromOtherGovernmentalAgency" xml:lang="en" id="label_AssetsContractReceivableFromOtherGovernmentalAgency">Report the value, as at the relevant date, of contract receivable from other governmental agency by the reporting entity.</link:label>
    <link:labelArc xlink:type="arc" xlink:arcrole="http://www.xbrl.org/2003/arcrole/concept-label" xlink:from="AssetsContractReceivableFromOtherGovernmentalAgency" xlink:to="label_AssetsContractReceivableFromOtherGovernmentalAgency" xlink:title="label: AssetsContractReceivableFromOtherGovernmentalAgency to label_AssetsContractReceivableFromOtherGovernmentalAgency"/>
    <link:loc xlink:type="locator" xlink:href="us-cafr_core.xsd#us-cafr_SecuritiesLendingCollateral" xlink:label="SecuritiesLendingCollateral" xlink:title="SecuritiesLendingCollateral"/>
    <link:label xlink:type="resource" xlink:label="label_SecuritiesLendingCollateral" xlink:role="http://www.xbrl.org/2003/role/documentation" xlink:title="label_SecuritiesLendingCollateral" xml:lang="en" id="label_SecuritiesLendingCollateral">Report the value, as at the relevant date, of securities lending collateral held by  the reporting entity.</link:label>
    <link:labelArc xlink:type="arc" xlink:arcrole="http://www.xbrl.org/2003/arcrole/concept-label" xlink:from="SecuritiesLendingCollateral" xlink:to="label_SecuritiesLendingCollateral" xlink:title="label: SecuritiesLendingCollateral to label_SecuritiesLendingCollateral"/>
    <link:loc xlink:type="locator" xlink:href="us-cafr_core.xsd#us-cafr_AssetsOther" xlink:label="AssetsOther" xlink:title="AssetsOther"/>
    <link:label xlink:type="resource" xlink:label="label_AssetsOther" xlink:role="http://www.xbrl.org/2003/role/documentation" xlink:title="label_AssetsOther" xml:lang="en" id="label_AssetsOther">Report the value, as at the relevant date, of other assets held by  the reporting entity.</link:label>
    <link:labelArc xlink:type="arc" xlink:arcrole="http://www.xbrl.org/2003/arcrole/concept-label" xlink:from="AssetsOther" xlink:to="label_AssetsOther" xlink:title="label: AssetsOther to label_AssetsOther"/>
    <link:loc xlink:type="locator" xlink:href="us-cafr_core.xsd#us-cafr_PensionAsset" xlink:label="PensionAsset" xlink:title="PensionAsset"/>
    <link:label xlink:type="resource" xlink:label="label_PensionAsset" xlink:role="http://www.xbrl.org/2003/role/documentation" xlink:title="label_PensionAsset" xml:lang="en" id="label_PensionAsset">Report the value, as at the relevant date, of pension assets held by  the reporting entity.</link:label>
    <link:labelArc xlink:type="arc" xlink:arcrole="http://www.xbrl.org/2003/arcrole/concept-label" xlink:from="PensionAsset" xlink:to="label_PensionAsset" xlink:title="label: PensionAsset to label_PensionAsset"/>
    <link:loc xlink:type="locator" xlink:href="us-cafr_core.xsd#us-cafr_CapitalAssetsNotDepreciable" xlink:label="CapitalAssetsNotDepreciable" xlink:title="CapitalAssetsNotDepreciable"/>
    <link:label xlink:type="resource" xlink:label="label_CapitalAssetsNotDepreciable" xlink:role="http://www.xbrl.org/2003/role/documentation" xlink:title="label_CapitalAssetsNotDepreciable" xml:lang="en" id="label_CapitalAssetsNotDepreciable">Report the value, as at the relevant date, of capital assets, not depreciable held by  the reporting entity.</link:label>
    <link:labelArc xlink:type="arc" xlink:arcrole="http://www.xbrl.org/2003/arcrole/concept-label" xlink:from="CapitalAssetsNotDepreciable" xlink:to="label_CapitalAssetsNotDepreciable" xlink:title="label: CapitalAssetsNotDepreciable to label_CapitalAssetsNotDepreciable"/>
    <link:loc xlink:type="locator" xlink:href="us-cafr_core.xsd#us-cafr_CapitalAssetsNotDepreciableOthers" xlink:label="CapitalAssetsNotDepreciableOthers" xlink:title="CapitalAssetsNotDepreciableOthers"/>
    <link:label xlink:type="resource" xlink:label="label_CapitalAssetsNotDepreciableOthers" xlink:role="http://www.xbrl.org/2003/role/documentation" xlink:title="label_CapitalAssetsNotDepreciableOthers" xml:lang="en" id="label_CapitalAssetsNotDepreciableOthers">Report the value, as at the relevant date, of other capital assets, not depreciable held by  the reporting entity.</link:label>
    <link:labelArc xlink:type="arc" xlink:arcrole="http://www.xbrl.org/2003/arcrole/concept-label" xlink:from="CapitalAssetsNotDepreciableOthers" xlink:to="label_CapitalAssetsNotDepreciableOthers" xlink:title="label: CapitalAssetsNotDepreciableOthers to label_CapitalAssetsNotDepreciableOthers"/>
    <link:loc xlink:type="locator" xlink:href="us-cafr_core.xsd#us-cafr_CapitalAssetsDepreciable" xlink:label="CapitalAssetsDepreciable" xlink:title="CapitalAssetsDepreciable"/>
    <link:label xlink:type="resource" xlink:label="label_CapitalAssetsDepreciable" xlink:role="http://www.xbrl.org/2003/role/documentation" xlink:title="label_CapitalAssetsDepreciable" xml:lang="en" id="label_CapitalAssetsDepreciable">Report the value, as at the relevant date, of capital assets, depreciable held by  the reporting entity.</link:label>
    <link:labelArc xlink:type="arc" xlink:arcrole="http://www.xbrl.org/2003/arcrole/concept-label" xlink:from="CapitalAssetsDepreciable" xlink:to="label_CapitalAssetsDepreciable" xlink:title="label: CapitalAssetsDepreciable to label_CapitalAssetsDepreciable"/>
    <link:loc xlink:type="locator" xlink:href="us-cafr_core.xsd#us-cafr_CapitalAssetsDepreciableOthers" xlink:label="CapitalAssetsDepreciableOthers" xlink:title="CapitalAssetsDepreciableOthers"/>
    <link:label xlink:type="resource" xlink:label="label_CapitalAssetsDepreciableOthers" xlink:role="http://www.xbrl.org/2003/role/documentation" xlink:title="label_CapitalAssetsDepreciableOthers" xml:lang="en" id="label_CapitalAssetsDepreciableOthers">Report the value, as at the relevant date, of other capital assets, depreciable held by  the reporting entity.</link:label>
    <link:labelArc xlink:type="arc" xlink:arcrole="http://www.xbrl.org/2003/arcrole/concept-label" xlink:from="CapitalAssetsDepreciableOthers" xlink:to="label_CapitalAssetsDepreciableOthers" xlink:title="label: CapitalAssetsDepreciableOthers to label_CapitalAssetsDepreciableOthers"/>
    <link:loc xlink:type="locator" xlink:href="us-cafr_core.xsd#us-cafr_Land" xlink:label="Land" xlink:title="Land"/>
    <link:label xlink:type="resource" xlink:label="label_Land" xlink:role="http://www.xbrl.org/2003/role/documentation" xlink:title="label_Land" xml:lang="en" id="label_Land">Report the value, as at the relevant date, of land held by  the reporting entity.</link:label>
    <link:labelArc xlink:type="arc" xlink:arcrole="http://www.xbrl.org/2003/arcrole/concept-label" xlink:from="Land" xlink:to="label_Land" xlink:title="label: Land to label_Land"/>
    <link:loc xlink:type="locator" xlink:href="us-cafr_core.xsd#us-cafr_ConstructionInProgress" xlink:label="ConstructionInProgress" xlink:title="ConstructionInProgress"/>
    <link:label xlink:type="resource" xlink:label="label_ConstructionInProgress" xlink:role="http://www.xbrl.org/2003/role/documentation" xlink:title="label_ConstructionInProgress" xml:lang="en" id="label_ConstructionInProgress">Report the value, as at the relevant date, of construction in progress held by  the reporting entity.</link:label>
    <link:labelArc xlink:type="arc" xlink:arcrole="http://www.xbrl.org/2003/arcrole/concept-label" xlink:from="ConstructionInProgress" xlink:to="label_ConstructionInProgress" xlink:title="label: ConstructionInProgress to label_ConstructionInProgress"/>
    <link:loc xlink:type="locator" xlink:href="us-cafr_core.xsd#us-cafr_BuildingsAndSystems" xlink:label="BuildingsAndSystems" xlink:title="BuildingsAndSystems"/>
    <link:label xlink:type="resource" xlink:label="label_BuildingsAndSystems" xlink:role="http://www.xbrl.org/2003/role/documentation" xlink:title="label_BuildingsAndSystems" xml:lang="en" id="label_BuildingsAndSystems">Report the value, as at the relevant date, of buildings and systems held by  the reporting entity.</link:label>
    <link:labelArc xlink:type="arc" xlink:arcrole="http://www.xbrl.org/2003/arcrole/concept-label" xlink:from="BuildingsAndSystems" xlink:to="label_BuildingsAndSystems" xlink:title="label: BuildingsAndSystems to label_BuildingsAndSystems"/>
    <link:loc xlink:type="locator" xlink:href="us-cafr_core.xsd#us-cafr_ImprovementsOtherThanBuildings" xlink:label="ImprovementsOtherThanBuildings" xlink:title="ImprovementsOtherThanBuildings"/>
    <link:label xlink:type="resource" xlink:label="label_ImprovementsOtherThanBuildings" xlink:role="http://www.xbrl.org/2003/role/documentation" xlink:title="label_ImprovementsOtherThanBuildings" xml:lang="en" id="label_ImprovementsOtherThanBuildings">Report the value, as at the relevant date, of improvements other than buildings  held by  the reporting entity.</link:label>
    <link:labelArc xlink:type="arc" xlink:arcrole="http://www.xbrl.org/2003/arcrole/concept-label" xlink:from="ImprovementsOtherThanBuildings" xlink:to="label_ImprovementsOtherThanBuildings" xlink:title="label: ImprovementsOtherThanBuildings to label_ImprovementsOtherThanBuildings"/>
    <link:loc xlink:type="locator" xlink:href="us-cafr_core.xsd#us-cafr_MachineryAndEquipment" xlink:label="MachineryAndEquipment" xlink:title="MachineryAndEquipment"/>
    <link:label xlink:type="resource" xlink:label="label_MachineryAndEquipment" xlink:role="http://www.xbrl.org/2003/role/documentation" xlink:title="label_MachineryAndEquipment" xml:lang="en" id="label_MachineryAndEquipment">Report the value, as at the relevant date, of machinery and equipment held by  the reporting entity.</link:label>
    <link:labelArc xlink:type="arc" xlink:arcrole="http://www.xbrl.org/2003/arcrole/concept-label" xlink:from="MachineryAndEquipment" xlink:to="label_MachineryAndEquipment" xlink:title="label: MachineryAndEquipment to label_MachineryAndEquipment"/>
    <link:loc xlink:type="locator" xlink:href="us-cafr_core.xsd#us-cafr_UtilitySystems" xlink:label="UtilitySystems" xlink:title="UtilitySystems"/>
    <link:label xlink:type="resource" xlink:label="label_UtilitySystems" xlink:role="http://www.xbrl.org/2003/role/documentation" xlink:title="label_UtilitySystems" xml:lang="en" id="label_UtilitySystems">Report the value, as at the relevant date, of utility systems held by  the reporting entity.</link:label>
    <link:labelArc xlink:type="arc" xlink:arcrole="http://www.xbrl.org/2003/arcrole/concept-label" xlink:from="UtilitySystems" xlink:to="label_UtilitySystems" xlink:title="label: UtilitySystems to label_UtilitySystems"/>
    <link:loc xlink:type="locator" xlink:href="us-cafr_core.xsd#us-cafr_Assets" xlink:label="Assets" xlink:title="Assets"/>
    <link:label xlink:type="resource" xlink:label="label_Assets" xlink:role="http://www.xbrl.org/2003/role/documentation" xlink:title="label_Assets" xml:lang="en" id="label_Assets">Report the value, as at the relevant date, of total assets held by  the reporting entity.</link:label>
    <link:labelArc xlink:type="arc" xlink:arcrole="http://www.xbrl.org/2003/arcrole/concept-label" xlink:from="Assets" xlink:to="label_Assets" xlink:title="label: Assets to label_Assets"/>
    <link:loc xlink:type="locator" xlink:href="us-cafr_core.xsd#us-cafr_AccountsPayable" xlink:label="AccountsPayable" xlink:title="AccountsPayable"/>
    <link:label xlink:type="resource" xlink:label="label_AccountsPayable" xlink:role="http://www.xbrl.org/2003/role/documentation" xlink:title="label_AccountsPayable" xml:lang="en" id="label_AccountsPayable">Report the value, as at the relevant date, of accounts payable by the reporting entity.</link:label>
    <link:labelArc xlink:type="arc" xlink:arcrole="http://www.xbrl.org/2003/arcrole/concept-label" xlink:from="AccountsPayable" xlink:to="label_AccountsPayable" xlink:title="label: AccountsPayable to label_AccountsPayable"/>
    <link:loc xlink:type="locator" xlink:href="us-cafr_core.xsd#us-cafr_AccruedInterestPayable" xlink:label="AccruedInterestPayable" xlink:title="AccruedInterestPayable"/>
    <link:label xlink:type="resource" xlink:label="label_AccruedInterestPayable" xlink:role="http://www.xbrl.org/2003/role/documentation" xlink:title="label_AccruedInterestPayable" xml:lang="en" id="label_AccruedInterestPayable">Report the value, as at the relevant date, accrued interest payable by the reporting entity.</link:label>
    <link:labelArc xlink:type="arc" xlink:arcrole="http://www.xbrl.org/2003/arcrole/concept-label" xlink:from="AccruedInterestPayable" xlink:to="label_AccruedInterestPayable" xlink:title="label: AccruedInterestPayable to label_AccruedInterestPayable"/>
    <link:loc xlink:type="locator" xlink:href="us-cafr_core.xsd#us-cafr_DueToOtherGovernmentalAgencies" xlink:label="DueToOtherGovernmentalAgencies" xlink:title="DueToOtherGovernmentalAgencies"/>
    <link:label xlink:type="resource" xlink:label="label_DueToOtherGovernmentalAgencies" xlink:role="http://www.xbrl.org/2003/role/documentation" xlink:title="label_DueToOtherGovernmentalAgencies" xml:lang="en" id="label_DueToOtherGovernmentalAgencies">Report the value, as at the relevant date, due to other governmental agencies by the reporting entity.</link:label>
    <link:labelArc xlink:type="arc" xlink:arcrole="http://www.xbrl.org/2003/arcrole/concept-label" xlink:from="DueToOtherGovernmentalAgencies" xlink:to="label_DueToOtherGovernmentalAgencies" xlink:title="label: DueToOtherGovernmentalAgencies to label_DueToOtherGovernmentalAgencies"/>
    <link:loc xlink:type="locator" xlink:href="us-cafr_core.xsd#us-cafr_LiabilitiesUnearnedRevenue" xlink:label="LiabilitiesUnearnedRevenue" xlink:title="LiabilitiesUnearnedRevenue"/>
    <link:label xlink:type="resource" xlink:label="label_LiabilitiesUnearnedRevenue" xlink:role="http://www.xbrl.org/2003/role/documentation" xlink:title="label_LiabilitiesUnearnedRevenue" xml:lang="en" id="label_LiabilitiesUnearnedRevenue">Report the value, as at the relevant date, liabilities unearned revenue by the reporting entity.</link:label>
    <link:labelArc xlink:type="arc" xlink:arcrole="http://www.xbrl.org/2003/arcrole/concept-label" xlink:from="LiabilitiesUnearnedRevenue" xlink:to="label_LiabilitiesUnearnedRevenue" xlink:title="label: LiabilitiesUnearnedRevenue to label_LiabilitiesUnearnedRevenue"/>
    <link:loc xlink:type="locator" xlink:href="us-cafr_core.xsd#us-cafr_SecuritiesLendingObligations" xlink:label="SecuritiesLendingObligations" xlink:title="SecuritiesLendingObligations"/>
    <link:label xlink:type="resource" xlink:label="label_SecuritiesLendingObligations" xlink:role="http://www.xbrl.org/2003/role/documentation" xlink:title="label_SecuritiesLendingObligations" xml:lang="en" id="label_SecuritiesLendingObligations">Report the value, as at the relevant date, securities lending obligations by the reporting entity.</link:label>
    <link:labelArc xlink:type="arc" xlink:arcrole="http://www.xbrl.org/2003/arcrole/concept-label" xlink:from="SecuritiesLendingObligations" xlink:to="label_SecuritiesLendingObligations" xlink:title="label: SecuritiesLendingObligations to label_SecuritiesLendingObligations"/>
    <link:loc xlink:type="locator" xlink:href="us-cafr_core.xsd#us-cafr_LiabilitiesDeposits" xlink:label="LiabilitiesDeposits" xlink:title="LiabilitiesDeposits"/>
    <link:label xlink:type="resource" xlink:label="label_LiabilitiesDeposits" xlink:role="http://www.xbrl.org/2003/role/documentation" xlink:title="label_LiabilitiesDeposits" xml:lang="en" id="label_LiabilitiesDeposits">Report the value, as at the relevant date, liabilities deposits by the reporting entity.</link:label>
    <link:labelArc xlink:type="arc" xlink:arcrole="http://www.xbrl.org/2003/arcrole/concept-label" xlink:from="LiabilitiesDeposits" xlink:to="label_LiabilitiesDeposits" xlink:title="label: LiabilitiesDeposits to label_LiabilitiesDeposits"/>
    <link:loc xlink:type="locator" xlink:href="us-cafr_core.xsd#us-cafr_LiabilitiesOthers" xlink:label="LiabilitiesOthers" xlink:title="LiabilitiesOthers"/>
    <link:label xlink:type="resource" xlink:label="label_LiabilitiesOthers" xlink:role="http://www.xbrl.org/2003/role/documentation" xlink:title="label_LiabilitiesOthers" xml:lang="en" id="label_LiabilitiesOthers">Report the value, as at the relevant date, liabilities, others by the reporting entity.</link:label>
    <link:labelArc xlink:type="arc" xlink:arcrole="http://www.xbrl.org/2003/arcrole/concept-label" xlink:from="LiabilitiesOthers" xlink:to="label_LiabilitiesOthers" xlink:title="label: LiabilitiesOthers to label_LiabilitiesOthers"/>
    <link:loc xlink:type="locator" xlink:href="us-cafr_core.xsd#us-cafr_NonCurrentLiabilities" xlink:label="NonCurrentLiabilities" xlink:title="NonCurrentLiabilities"/>
    <link:label xlink:type="resource" xlink:label="label_NonCurrentLiabilities" xlink:role="http://www.xbrl.org/2003/role/documentation" xlink:title="label_NonCurrentLiabilities" xml:lang="en" id="label_NonCurrentLiabilities">Report the value, as at the relevant date, non-current liabilities by the reporting entity.</link:label>
    <link:labelArc xlink:type="arc" xlink:arcrole="http://www.xbrl.org/2003/arcrole/concept-label" xlink:from="NonCurrentLiabilities" xlink:to="label_NonCurrentLiabilities" xlink:title="label: NonCurrentLiabilities to label_NonCurrentLiabilities"/>
    <link:loc xlink:type="locator" xlink:href="us-cafr_core.xsd#us-cafr_EnvironmentalRemediationLiability" xlink:label="EnvironmentalRemediationLiability" xlink:title="EnvironmentalRemediationLiability"/>
    <link:label xlink:type="resource" xlink:label="label_EnvironmentalRemediationLiability" xlink:role="http://www.xbrl.org/2003/role/documentation" xlink:title="label_EnvironmentalRemediationLiability" xml:lang="en" id="label_EnvironmentalRemediationLiability">Report the value, as at the relevant date, environmental remediation liability by the reporting entity.</link:label>
    <link:labelArc xlink:type="arc" xlink:arcrole="http://www.xbrl.org/2003/arcrole/concept-label" xlink:from="EnvironmentalRemediationLiability" xlink:to="label_EnvironmentalRemediationLiability" xlink:title="label: EnvironmentalRemediationLiability to label_EnvironmentalRemediationLiability"/>
    <link:loc xlink:type="locator" xlink:href="us-cafr_core.xsd#us-cafr_CompensatedAbsencesLiability" xlink:label="CompensatedAbsencesLiability" xlink:title="CompensatedAbsencesLiability"/>
    <link:label xlink:type="resource" xlink:label="label_CompensatedAbsencesLiability" xlink:role="http://www.xbrl.org/2003/role/documentation" xlink:title="label_CompensatedAbsencesLiability" xml:lang="en" id="label_CompensatedAbsencesLiability">Report the value, as at the relevant date, compensated absences liability by the reporting entity.</link:label>
    <link:labelArc xlink:type="arc" xlink:arcrole="http://www.xbrl.org/2003/arcrole/concept-label" xlink:from="CompensatedAbsencesLiability" xlink:to="label_CompensatedAbsencesLiability" xlink:title="label: CompensatedAbsencesLiability to label_CompensatedAbsencesLiability"/>
    <link:loc xlink:type="locator" xlink:href="us-cafr_core.xsd#us-cafr_LoansLeasesPayable" xlink:label="LoansLeasesPayable" xlink:title="LoansLeasesPayable"/>
    <link:label xlink:type="resource" xlink:label="label_LoansLeasesPayable" xlink:role="http://www.xbrl.org/2003/role/documentation" xlink:title="label_LoansLeasesPayable" xml:lang="en" id="label_LoansLeasesPayable">Report the value, as at the relevant date, loans/ leases payable by the reporting entity.</link:label>
    <link:labelArc xlink:type="arc" xlink:arcrole="http://www.xbrl.org/2003/arcrole/concept-label" xlink:from="LoansLeasesPayable" xlink:to="label_LoansLeasesPayable" xlink:title="label: LoansLeasesPayable to label_LoansLeasesPayable"/>
    <link:loc xlink:type="locator" xlink:href="us-cafr_core.xsd#us-cafr_BondsPayable" xlink:label="BondsPayable" xlink:title="BondsPayable"/>
    <link:label xlink:type="resource" xlink:label="label_BondsPayable" xlink:role="http://www.xbrl.org/2003/role/documentation" xlink:title="label_BondsPayable" xml:lang="en" id="label_BondsPayable">Report the value, as at the relevant date, bonds payable by the reporting entity.</link:label>
    <link:labelArc xlink:type="arc" xlink:arcrole="http://www.xbrl.org/2003/arcrole/concept-label" xlink:from="BondsPayable" xlink:to="label_BondsPayable" xlink:title="label: BondsPayable to label_BondsPayable"/>
    <link:loc xlink:type="locator" xlink:href="us-cafr_core.xsd#us-cafr_ClaimsLiabilities" xlink:label="ClaimsLiabilities" xlink:title="ClaimsLiabilities"/>
    <link:label xlink:type="resource" xlink:label="label_ClaimsLiabilities" xlink:role="http://www.xbrl.org/2003/role/documentation" xlink:title="label_ClaimsLiabilities" xml:lang="en" id="label_ClaimsLiabilities">Report the value, as at the relevant date, claims liabilities by the reporting entity.</link:label>
    <link:labelArc xlink:type="arc" xlink:arcrole="http://www.xbrl.org/2003/arcrole/concept-label" xlink:from="ClaimsLiabilities" xlink:to="label_ClaimsLiabilities" xlink:title="label: ClaimsLiabilities to label_ClaimsLiabilities"/>
    <link:loc xlink:type="locator" xlink:href="us-cafr_core.xsd#us-cafr_PensionLiability" xlink:label="PensionLiability" xlink:title="PensionLiability"/>
    <link:label xlink:type="resource" xlink:label="label_PensionLiability" xlink:role="http://www.xbrl.org/2003/role/documentation" xlink:title="label_PensionLiability" xml:lang="en" id="label_PensionLiability">Report the value, as at the relevant date, pension liability by the reporting entity.</link:label>
    <link:labelArc xlink:type="arc" xlink:arcrole="http://www.xbrl.org/2003/arcrole/concept-label" xlink:from="PensionLiability" xlink:to="label_PensionLiability" xlink:title="label: PensionLiability to label_PensionLiability"/>
    <link:loc xlink:type="locator" xlink:href="us-cafr_core.xsd#us-cafr_OtherThanPensionPostEmploymentBenefitsLiability" xlink:label="OtherThanPensionPostEmploymentBenefitsLiability" xlink:title="OtherThanPensionPostEmploymentBenefitsLiability"/>
    <link:label xlink:type="resource" xlink:label="label_OtherThanPensionPostEmploymentBenefitsLiability" xlink:role="http://www.xbrl.org/2003/role/documentation" xlink:title="label_OtherThanPensionPostEmploymentBenefitsLiability" xml:lang="en" id="label_OtherThanPensionPostEmploymentBenefitsLiability">Report the value, as at the relevant date, other (than pension) post-employment benefits [OPEB] liability by the reporting entity.</link:label>
    <link:labelArc xlink:type="arc" xlink:arcrole="http://www.xbrl.org/2003/arcrole/concept-label" xlink:from="OtherThanPensionPostEmploymentBenefitsLiability" xlink:to="label_OtherThanPensionPostEmploymentBenefitsLiability" xlink:title="label: OtherThanPensionPostEmploymentBenefitsLiability to label_OtherThanPensionPostEmploymentBenefitsLiability"/>
    <link:loc xlink:type="locator" xlink:href="us-cafr_core.xsd#us-cafr_Liabilities" xlink:label="Liabilities" xlink:title="Liabilities"/>
    <link:label xlink:type="resource" xlink:label="label_Liabilities" xlink:role="http://www.xbrl.org/2003/role/documentation" xlink:title="label_Liabilities" xml:lang="en" id="label_Liabilities">Report the value, as at the relevant date, liabilities by the reporting entity.</link:label>
    <link:labelArc xlink:type="arc" xlink:arcrole="http://www.xbrl.org/2003/arcrole/concept-label" xlink:from="Liabilities" xlink:to="label_Liabilities" xlink:title="label: Liabilities to label_Liabilities"/>
    <link:loc xlink:type="locator" xlink:href="us-cafr_core.xsd#us-cafr_ExcessDeficiencyOfRevenueOverExpenditure" xlink:label="ExcessDeficiencyOfRevenueOverExpenditure" xlink:title="ExcessDeficiencyOfRevenueOverExpenditure"/>
    <link:label xlink:type="resource" xlink:label="label_ExcessDeficiencyOfRevenueOverExpenditure" xlink:role="http://www.xbrl.org/2009/role/netLabel" xlink:title="label_ExcessDeficiencyOfRevenueOverExpenditure" xml:lang="en" id="label_ExcessDeficiencyOfRevenueOverExpenditure">Excess (deficiency) of revenue over expenditure</link:label>
    <link:labelArc xlink:type="arc" xlink:arcrole="http://www.xbrl.org/2003/arcrole/concept-label" xlink:from="ExcessDeficiencyOfRevenueOverExpenditure" xlink:to="label_ExcessDeficiencyOfRevenueOverExpenditure" xlink:title="label: ExcessDeficiencyOfRevenueOverExpenditure to label_ExcessDeficiencyOfRevenueOverExpenditure" use="optional" priority="0" order="1.0"/>
    <link:loc xlink:type="locator" xlink:href="us-cafr_core.xsd#us-cafr_ReportingCurrency" xlink:label="us-cafr_ReportingCurrency"/>
    <link:label xlink:type="resource" xlink:label="label_us-cafr_ReportingCurrency_1" xlink:role="http://www.xbrl.org/2003/role/documentation" xlink:title="label_us-cafr_ReportingCurrency" xml:lang="en" id="label_us-cafr_ReportingCurrency_1">Report the reporting currency, at present its USD</link:label>
    <link:labelArc xlink:type="arc" xlink:arcrole="http://www.xbrl.org/2003/arcrole/concept-label" xlink:from="us-cafr_ReportingCurrency" xlink:to="label_us-cafr_ReportingCurrency_1" xlink:title="label: ReportingCurrency to label_us-cafr_ReportingCurrency"/>
    <link:loc xlink:type="locator" xlink:href="us-cafr_core.xsd#us-cafr_ReportingFrequency" xlink:label="us-cafr_ReportingFrequency"/>
    <link:label xlink:type="resource" xlink:label="label_us-cafr_ReportingFrequency_1" xlink:role="http://www.xbrl.org/2003/role/documentation" xlink:title="label_us-cafr_ReportingFrequency" xml:lang="en" id="label_us-cafr_ReportingFrequency_1">Report the reporting frequency namely whether it is Daily or Weekly or Fortnightly or Monthly or Quarterly or Half yearly or Annually.</link:label>
    <link:labelArc xlink:type="arc" xlink:arcrole="http://www.xbrl.org/2003/arcrole/concept-label" xlink:from="us-cafr_ReportingFrequency" xlink:to="label_us-cafr_ReportingFrequency_1" xlink:title="label: ReportingFrequency to label_us-cafr_ReportingFrequency"/>
    <link:loc xlink:type="locator" xlink:href="us-cafr_core.xsd#us-cafr_ReportingStartDate" xlink:label="us-cafr_ReportingStartDate"/>
    <link:label xlink:type="resource" xlink:label="label_us-cafr_ReportingStartDate_1" xlink:role="http://www.xbrl.org/2003/role/documentation" xlink:title="label_us-cafr_ReportingStartDate" xml:lang="en" id="label_us-cafr_ReportingStartDate_1">Report the reporting start date.</link:label>
    <link:labelArc xlink:type="arc" xlink:arcrole="http://www.xbrl.org/2003/arcrole/concept-label" xlink:from="us-cafr_ReportingStartDate" xlink:to="label_us-cafr_ReportingStartDate_1" xlink:title="label: ReportingStartDate to label_us-cafr_ReportingStartDate"/>
    <link:loc xlink:type="locator" xlink:href="us-cafr_core.xsd#us-cafr_ReportingEndDate" xlink:label="us-cafr_ReportingEndDate"/>
    <link:label xlink:type="resource" xlink:label="label_us-cafr_ReportingEndDate_1" xlink:role="http://www.xbrl.org/2003/role/documentation" xlink:title="label_us-cafr_ReportingEndDate" xml:lang="en" id="label_us-cafr_ReportingEndDate_1">Report the reporting end date.</link:label>
    <link:labelArc xlink:type="arc" xlink:arcrole="http://www.xbrl.org/2003/arcrole/concept-label" xlink:from="us-cafr_ReportingEndDate" xlink:to="label_us-cafr_ReportingEndDate_1" xlink:title="label: ReportingEndDate to label_us-cafr_ReportingEndDate"/>
    <link:loc xlink:type="locator" xlink:href="us-cafr_core.xsd#us-cafr_AuditReportStatus" xlink:label="us-cafr_AuditReportStatus"/>
    <link:label xlink:type="resource" xlink:label="label_us-cafr_AuditReportStatus_1" xlink:role="http://www.xbrl.org/2003/role/documentation" xlink:title="label_us-cafr_AuditReportStatus" xml:lang="en" id="label_us-cafr_AuditReportStatus_1">Report the audit report status namely whether it is Audited or Unaudited or Reviewed or Unreviewed</link:label>
    <link:labelArc xlink:type="arc" xlink:arcrole="http://www.xbrl.org/2003/arcrole/concept-label" xlink:from="us-cafr_AuditReportStatus" xlink:to="label_us-cafr_AuditReportStatus_1" xlink:title="label: AuditReportStatus to label_us-cafr_AuditReportStatus"/>
    <link:loc xlink:type="locator" xlink:href="us-cafr_core.xsd#us-cafr_TaxonomyVersion" xlink:label="us-cafr_TaxonomyVersion"/>
    <link:label xlink:type="resource" xlink:label="label_us-cafr_TaxonomyVersion_1" xlink:role="http://www.xbrl.org/2003/role/documentation" xlink:title="label_us-cafr_TaxonomyVersion" xml:lang="en" id="label_us-cafr_TaxonomyVersion_1">Report the taxonomy version number.</link:label>
    <link:labelArc xlink:type="arc" xlink:arcrole="http://www.xbrl.org/2003/arcrole/concept-label" xlink:from="us-cafr_TaxonomyVersion" xlink:to="label_us-cafr_TaxonomyVersion_1" xlink:title="label: TaxonomyVersion to label_us-cafr_TaxonomyVersion"/>
    <link:loc xlink:type="locator" xlink:href="us-cafr_core.xsd#us-cafr_ToolVersion" xlink:label="us-cafr_ToolVersion"/>
    <link:label xlink:type="resource" xlink:label="label_us-cafr_ToolVersion_1" xlink:role="http://www.xbrl.org/2003/role/documentation" xlink:title="label_us-cafr_ToolVersion" xml:lang="en" id="label_us-cafr_ToolVersion_1">Report the tool version number.</link:label>
    <link:labelArc xlink:type="arc" xlink:arcrole="http://www.xbrl.org/2003/arcrole/concept-label" xlink:from="us-cafr_ToolVersion" xlink:to="label_us-cafr_ToolVersion_1" xlink:title="label: ToolVersion to label_us-cafr_ToolVersion"/>
    <link:loc xlink:type="locator" xlink:href="us-cafr_core.xsd#us-cafr_BalanceTypeDomain" xlink:label="us-cafr_BalanceTypeDomain"/>
    <link:label xlink:type="resource" xlink:label="label_us-cafr_BalanceTypeDomain_1" xlink:role="http://www.xbrl.org/2003/role/documentation" xlink:title="label_us-cafr_BalanceTypeDomain" xml:lang="en" id="label_us-cafr_BalanceTypeDomain_1">Domain</link:label>
    <link:labelArc xlink:type="arc" xlink:arcrole="http://www.xbrl.org/2003/arcrole/concept-label" xlink:from="us-cafr_BalanceTypeDomain" xlink:to="label_us-cafr_BalanceTypeDomain_1" xlink:title="label: BalanceTypeDomain to label_us-cafr_BalanceTypeDomain"/>
    <link:loc xlink:type="locator" xlink:href="us-cafr_core.xsd#us-cafr_TypeOfActivitiesDomain" xlink:label="us-cafr_TypeOfActivitiesDomain"/>
    <link:label xlink:type="resource" xlink:label="label_us-cafr_TypeOfActivitiesDomain_1" xlink:role="http://www.xbrl.org/2003/role/documentation" xlink:title="label_us-cafr_TypeOfActivitiesDomain" xml:lang="en" id="label_us-cafr_TypeOfActivitiesDomain_1">Domain</link:label>
    <link:labelArc xlink:type="arc" xlink:arcrole="http://www.xbrl.org/2003/arcrole/concept-label" xlink:from="us-cafr_TypeOfActivitiesDomain" xlink:to="label_us-cafr_TypeOfActivitiesDomain_1" xlink:title="label: TypeOfActivitiesDomain to label_us-cafr_TypeOfActivitiesDomain"/>
    <link:loc xlink:type="locator" xlink:href="us-cafr_core.xsd#us-cafr_TypeOfSignificanceDomain" xlink:label="us-cafr_TypeOfSignificanceDomain"/>
    <link:label xlink:type="resource" xlink:label="label_us-cafr_TypeOfSignificanceDomain_1" xlink:role="http://www.xbrl.org/2003/role/documentation" xlink:title="label_us-cafr_TypeOfSignificanceDomain" xml:lang="en" id="label_us-cafr_TypeOfSignificanceDomain_1">Domain</link:label>
    <link:labelArc xlink:type="arc" xlink:arcrole="http://www.xbrl.org/2003/arcrole/concept-label" xlink:from="us-cafr_TypeOfSignificanceDomain" xlink:to="label_us-cafr_TypeOfSignificanceDomain_1" xlink:title="label: TypeOfSignificanceDomain to label_us-cafr_TypeOfSignificanceDomain"/>
    <link:loc xlink:type="locator" xlink:href="us-cafr_core.xsd#us-cafr_ResidualTermToMaturityDomain" xlink:label="us-cafr_ResidualTermToMaturityDomain"/>
    <link:label xlink:type="resource" xlink:label="label_us-cafr_ResidualTermToMaturityDomain_1" xlink:role="http://www.xbrl.org/2003/role/documentation" xlink:title="label_us-cafr_ResidualTermToMaturityDomain" xml:lang="en" id="label_us-cafr_ResidualTermToMaturityDomain_1">Domain</link:label>
    <link:labelArc xlink:type="arc" xlink:arcrole="http://www.xbrl.org/2003/arcrole/concept-label" xlink:from="us-cafr_ResidualTermToMaturityDomain" xlink:to="label_us-cafr_ResidualTermToMaturityDomain_1" xlink:title="label: ResidualTermToMaturityDomain to label_us-cafr_ResidualTermToMaturityDomain"/>
    <link:loc xlink:type="locator" xlink:href="us-cafr_core.xsd#us-cafr_TypeOfRestrictionDomain" xlink:label="us-cafr_TypeOfRestrictionDomain"/>
    <link:label xlink:type="resource" xlink:label="label_us-cafr_TypeOfRestrictionDomain_1" xlink:role="http://www.xbrl.org/2003/role/documentation" xlink:title="label_us-cafr_TypeOfRestrictionDomain" xml:lang="en" id="label_us-cafr_TypeOfRestrictionDomain_1">Domain</link:label>
    <link:labelArc xlink:type="arc" xlink:arcrole="http://www.xbrl.org/2003/arcrole/concept-label" xlink:from="us-cafr_TypeOfRestrictionDomain" xlink:to="label_us-cafr_TypeOfRestrictionDomain_1" xlink:title="label: TypeOfRestrictionDomain to label_us-cafr_TypeOfRestrictionDomain"/>
    <link:loc xlink:type="locator" xlink:href="us-cafr_core.xsd#us-cafr_ComponentUnitDomain" xlink:label="us-cafr_ComponentUnitDomain"/>
    <link:label xlink:type="resource" xlink:label="label_us-cafr_ComponentUnitDomain_1" xlink:role="http://www.xbrl.org/2003/role/documentation" xlink:title="label_us-cafr_ComponentUnitDomain" xml:lang="en" id="label_us-cafr_ComponentUnitDomain_1">Domain</link:label>
    <link:labelArc xlink:type="arc" xlink:arcrole="http://www.xbrl.org/2003/arcrole/concept-label" xlink:from="us-cafr_ComponentUnitDomain" xlink:to="label_us-cafr_ComponentUnitDomain_1" xlink:title="label: ComponentUnitDomain to label_us-cafr_ComponentUnitDomain"/>
    <link:loc xlink:type="locator" xlink:href="us-cafr_core.xsd#us-cafr_TypeOfGovernmentalFundsDomain" xlink:label="us-cafr_TypeOfGovernmentalFundsDomain"/>
    <link:label xlink:type="resource" xlink:label="label_us-cafr_TypeOfGovernmentalFundsDomain_1" xlink:role="http://www.xbrl.org/2003/role/documentation" xlink:title="label_us-cafr_TypeOfGovernmentalFundsDomain" xml:lang="en" id="label_us-cafr_TypeOfGovernmentalFundsDomain_1">Domain</link:label>
    <link:labelArc xlink:type="arc" xlink:arcrole="http://www.xbrl.org/2003/arcrole/concept-label" xlink:from="us-cafr_TypeOfGovernmentalFundsDomain" xlink:to="label_us-cafr_TypeOfGovernmentalFundsDomain_1" xlink:title="label: TypeOfGovernmentalFundsDomain to label_us-cafr_TypeOfGovernmentalFundsDomain"/>
    <link:loc xlink:type="locator" xlink:href="us-cafr_core.xsd#us-cafr_TypeOfRetirementFundDomain" xlink:label="us-cafr_TypeOfRetirementFundDomain"/>
    <link:label xlink:type="resource" xlink:label="label_us-cafr_TypeOfRetirementFundDomain_1" xlink:role="http://www.xbrl.org/2003/role/documentation" xlink:title="label_us-cafr_TypeOfRetirementFundDomain" xml:lang="en" id="label_us-cafr_TypeOfRetirementFundDomain_1">Domain</link:label>
    <link:labelArc xlink:type="arc" xlink:arcrole="http://www.xbrl.org/2003/arcrole/concept-label" xlink:from="us-cafr_TypeOfRetirementFundDomain" xlink:to="label_us-cafr_TypeOfRetirementFundDomain_1" xlink:title="label: TypeOfRetirementFundDomain to label_us-cafr_TypeOfRetirementFundDomain"/>
    <link:loc xlink:type="locator" xlink:href="us-cafr_core.xsd#us-cafr_FiscalYearDomain" xlink:label="us-cafr_FiscalYearDomain"/>
    <link:label xlink:type="resource" xlink:label="label_us-cafr_FiscalYearDomain_1" xlink:role="http://www.xbrl.org/2003/role/documentation" xlink:title="label_us-cafr_FiscalYearDomain" xml:lang="en" id="label_us-cafr_FiscalYearDomain_1">Domain</link:label>
    <link:labelArc xlink:type="arc" xlink:arcrole="http://www.xbrl.org/2003/arcrole/concept-label" xlink:from="us-cafr_FiscalYearDomain" xlink:to="label_us-cafr_FiscalYearDomain_1" xlink:title="label: FiscalYearDomain to label_us-cafr_FiscalYearDomain"/>
    <link:loc xlink:type="locator" xlink:href="us-cafr_core.xsd#us-cafr_TypeOfBondsDomain" xlink:label="us-cafr_TypeOfBondsDomain"/>
    <link:label xlink:type="resource" xlink:label="label_us-cafr_TypeOfBondsDomain_1" xlink:role="http://www.xbrl.org/2003/role/documentation" xlink:title="label_us-cafr_TypeOfBondsDomain" xml:lang="en" id="label_us-cafr_TypeOfBondsDomain_1">Domain</link:label>
    <link:labelArc xlink:type="arc" xlink:arcrole="http://www.xbrl.org/2003/arcrole/concept-label" xlink:from="us-cafr_TypeOfBondsDomain" xlink:to="label_us-cafr_TypeOfBondsDomain_1" xlink:title="label: TypeOfBondsDomain to label_us-cafr_TypeOfBondsDomain" use="optional" priority="0" order="1.0"/>
    <link:loc xlink:type="locator" xlink:href="us-cafr_core.xsd#us-cafr_BalanceTypeAxis" xlink:label="us-cafr_BalanceTypeAxis"/>
    <link:label xlink:type="resource" xlink:label="label_us-cafr_BalanceTypeAxis_1" xlink:role="http://www.xbrl.org/2003/role/documentation" xlink:title="label_us-cafr_BalanceTypeAxis" xml:lang="en" id="label_us-cafr_BalanceTypeAxis_1">The associated information can be reported as Gross - that is without any deductions - or net of various deductions.</link:label>
    <link:labelArc xlink:type="arc" xlink:arcrole="http://www.xbrl.org/2003/arcrole/concept-label" xlink:from="us-cafr_BalanceTypeAxis" xlink:to="label_us-cafr_BalanceTypeAxis_1" xlink:title="label: BalanceTypeAxis to label_us-cafr_BalanceTypeAxis"/>
    <link:loc xlink:type="locator" xlink:href="us-cafr_core.xsd#us-cafr_TypeOfActivitiesAxis" xlink:label="us-cafr_TypeOfActivitiesAxis"/>
    <link:label xlink:type="resource" xlink:label="label_us-cafr_TypeOfActivitiesAxis_1" xlink:role="http://www.xbrl.org/2003/role/documentation" xlink:title="label_us-cafr_TypeOfActivitiesAxis" xml:lang="en" id="label_us-cafr_TypeOfActivitiesAxis_1">The reported information is categorised according to the Governmental activities or Business type activities or Primary Governmental activities.</link:label>
    <link:labelArc xlink:type="arc" xlink:arcrole="http://www.xbrl.org/2003/arcrole/concept-label" xlink:from="us-cafr_TypeOfActivitiesAxis" xlink:to="label_us-cafr_TypeOfActivitiesAxis_1" xlink:title="label: TypeOfActivitiesAxis to label_us-cafr_TypeOfActivitiesAxis"/>
    <link:loc xlink:type="locator" xlink:href="us-cafr_core.xsd#us-cafr_TypeOfSignificanceAxis" xlink:label="us-cafr_TypeOfSignificanceAxis"/>
    <link:label xlink:type="resource" xlink:label="label_us-cafr_TypeOfSignificanceAxis_1" xlink:role="http://www.xbrl.org/2003/role/documentation" xlink:title="label_us-cafr_TypeOfSignificanceAxis" xml:lang="en" id="label_us-cafr_TypeOfSignificanceAxis_1">The reported information is categorised according to Expendable or Non-expendable. Expendable is designed to be used only once and then abandoned or destroyed. Non-expendable are supplies not consumed in use that retain their original identity during the period of use, such as weapons, machines, tools, and equipments.</link:label>
    <link:labelArc xlink:type="arc" xlink:arcrole="http://www.xbrl.org/2003/arcrole/concept-label" xlink:from="us-cafr_TypeOfSignificanceAxis" xlink:to="label_us-cafr_TypeOfSignificanceAxis_1" xlink:title="label: TypeOfSignificanceAxis to label_us-cafr_TypeOfSignificanceAxis"/>
    <link:loc xlink:type="locator" xlink:href="us-cafr_core.xsd#us-cafr_ResidualTermToMaturityAxis" xlink:label="us-cafr_ResidualTermToMaturityAxis"/>
    <link:label xlink:type="resource" xlink:label="label_us-cafr_ResidualTermToMaturityAxis_1" xlink:role="http://www.xbrl.org/2003/role/documentation" xlink:title="label_us-cafr_ResidualTermToMaturityAxis" xml:lang="en" id="label_us-cafr_ResidualTermToMaturityAxis_1">The reported information is categorised according to the remaining term to maturity of the asset or liability that gave rise to it. This is the time interval between the reporting date and the maturity date.</link:label>
    <link:labelArc xlink:type="arc" xlink:arcrole="http://www.xbrl.org/2003/arcrole/concept-label" xlink:from="us-cafr_ResidualTermToMaturityAxis" xlink:to="label_us-cafr_ResidualTermToMaturityAxis_1" xlink:title="label: ResidualTermToMaturityAxis to label_us-cafr_ResidualTermToMaturityAxis"/>
    <link:loc xlink:type="locator" xlink:href="us-cafr_core.xsd#us-cafr_TypeOfRestrictionAxis" xlink:label="us-cafr_TypeOfRestrictionAxis"/>
    <link:label xlink:type="resource" xlink:label="label_us-cafr_TypeOfRestrictionAxis_1" xlink:role="http://www.xbrl.org/2003/role/documentation" xlink:title="label_us-cafr_TypeOfRestrictionAxis" xml:lang="en" id="label_us-cafr_TypeOfRestrictionAxis_1">The reported information can be reported as restricted or unrestricted. Restricted means subject to conditions and unrestricted means not subject to any conditions.</link:label>
    <link:labelArc xlink:type="arc" xlink:arcrole="http://www.xbrl.org/2003/arcrole/concept-label" xlink:from="us-cafr_TypeOfRestrictionAxis" xlink:to="label_us-cafr_TypeOfRestrictionAxis_1" xlink:title="label: TypeOfRestrictionAxis to label_us-cafr_TypeOfRestrictionAxis"/>
    <link:loc xlink:type="locator" xlink:href="us-cafr_core.xsd#us-cafr_ComponentUnitAxis" xlink:label="us-cafr_ComponentUnitAxis"/>
    <link:label xlink:type="resource" xlink:label="label_us-cafr_ComponentUnitAxis_1" xlink:role="http://www.xbrl.org/2003/role/documentation" xlink:title="label_us-cafr_ComponentUnitAxis" xml:lang="en" id="label_us-cafr_ComponentUnitAxis_1">The reported information reflects the unit of component. It covers extraneous reporting.</link:label>
    <link:labelArc xlink:type="arc" xlink:arcrole="http://www.xbrl.org/2003/arcrole/concept-label" xlink:from="us-cafr_ComponentUnitAxis" xlink:to="label_us-cafr_ComponentUnitAxis_1" xlink:title="label: ComponentUnitAxis to label_us-cafr_ComponentUnitAxis"/>
    <link:loc xlink:type="locator" xlink:href="us-cafr_core.xsd#us-cafr_TypeOfGovernmentalFundsAxis" xlink:label="us-cafr_TypeOfGovernmentalFundsAxis"/>
    <link:label xlink:type="resource" xlink:label="label_us-cafr_TypeOfGovernmentalFundsAxis_1" xlink:role="http://www.xbrl.org/2003/role/documentation" xlink:title="label_us-cafr_TypeOfGovernmentalFundsAxis" xml:lang="en" id="label_us-cafr_TypeOfGovernmentalFundsAxis_1">The reported information is categorised according to the nature of governmental funds and its covers Major and Non-major governmental funds.</link:label>
    <link:labelArc xlink:type="arc" xlink:arcrole="http://www.xbrl.org/2003/arcrole/concept-label" xlink:from="us-cafr_TypeOfGovernmentalFundsAxis" xlink:to="label_us-cafr_TypeOfGovernmentalFundsAxis_1" xlink:title="label: TypeOfGovernmentalFundsAxis to label_us-cafr_TypeOfGovernmentalFundsAxis"/>
    <link:loc xlink:type="locator" xlink:href="us-cafr_core.xsd#us-cafr_TypeOfRetirementFundAxis" xlink:label="us-cafr_TypeOfRetirementFundAxis"/>
    <link:label xlink:type="resource" xlink:label="label_us-cafr_TypeOfRetirementFundAxis_1" xlink:role="http://www.xbrl.org/2003/role/documentation" xlink:title="label_us-cafr_TypeOfRetirementFundAxis" xml:lang="en" id="label_us-cafr_TypeOfRetirementFundAxis_1">The reported information is categorised according to the nature of retirement funds.</link:label>
    <link:labelArc xlink:type="arc" xlink:arcrole="http://www.xbrl.org/2003/arcrole/concept-label" xlink:from="us-cafr_TypeOfRetirementFundAxis" xlink:to="label_us-cafr_TypeOfRetirementFundAxis_1" xlink:title="label: TypeOfRetirementFundAxis to label_us-cafr_TypeOfRetirementFundAxis"/>
    <link:loc xlink:type="locator" xlink:href="us-cafr_core.xsd#us-cafr_FiscalYearAxis" xlink:label="us-cafr_FiscalYearAxis"/>
    <link:label xlink:type="resource" xlink:label="label_us-cafr_FiscalYearAxis_1" xlink:role="http://www.xbrl.org/2003/role/documentation" xlink:title="label_us-cafr_FiscalYearAxis" xml:lang="en" id="label_us-cafr_FiscalYearAxis_1">The reported information reflects the fiscal year. Fiscal year is the accounting period for the information is reported.</link:label>
    <link:labelArc xlink:type="arc" xlink:arcrole="http://www.xbrl.org/2003/arcrole/concept-label" xlink:from="us-cafr_FiscalYearAxis" xlink:to="label_us-cafr_FiscalYearAxis_1" xlink:title="label: FiscalYearAxis to label_us-cafr_FiscalYearAxis"/>
    <link:loc xlink:type="locator" xlink:href="us-cafr_core.xsd#us-cafr_TypeOfBondsAxis" xlink:label="us-cafr_TypeOfBondsAxis"/>
    <link:label xlink:type="resource" xlink:label="label_us-cafr_TypeOfBondsAxis_1" xlink:role="http://www.xbrl.org/2003/role/documentation" xlink:title="label_us-cafr_TypeOfBondsAxis" xml:lang="en" id="label_us-cafr_TypeOfBondsAxis_1">The reported information is categorised according to Revenue bonds or Other bonds.</link:label>
    <link:labelArc xlink:type="arc" xlink:arcrole="http://www.xbrl.org/2003/arcrole/concept-label" xlink:from="us-cafr_TypeOfBondsAxis" xlink:to="label_us-cafr_TypeOfBondsAxis_1" xlink:title="label: TypeOfBondsAxis to label_us-cafr_TypeOfBondsAxis" use="optional" priority="0" order="1.0"/>
    <link:loc xlink:type="locator" xlink:href="us-cafr_core.xsd#us-cafr_GrossMember" xlink:label="us-cafr_GrossMember"/>
    <link:label xlink:type="resource" xlink:label="label_us-cafr_GrossMember_1" xlink:role="http://www.xbrl.org/2003/role/documentation" xlink:title="label_us-cafr_GrossMember" xml:lang="en" id="label_us-cafr_GrossMember_1">The reported information reflects the gross total, before deduction of any other amounts.</link:label>
    <link:labelArc xlink:type="arc" xlink:arcrole="http://www.xbrl.org/2003/arcrole/concept-label" xlink:from="us-cafr_GrossMember" xlink:to="label_us-cafr_GrossMember_1" xlink:title="label: GrossMember to label_us-cafr_GrossMember"/>
    <link:loc xlink:type="locator" xlink:href="us-cafr_core.xsd#us-cafr_NetMember" xlink:label="us-cafr_NetMember"/>
    <link:label xlink:type="resource" xlink:label="label_us-cafr_NetMember_1" xlink:role="http://www.xbrl.org/2003/role/documentation" xlink:title="label_us-cafr_NetMember" xml:lang="en" id="label_us-cafr_NetMember_1">The reported information reflects the net amount, after accounting for all relevant deductions.</link:label>
    <link:labelArc xlink:type="arc" xlink:arcrole="http://www.xbrl.org/2003/arcrole/concept-label" xlink:from="us-cafr_NetMember" xlink:to="label_us-cafr_NetMember_1" xlink:title="label: NetMember to label_us-cafr_NetMember"/>
    <link:loc xlink:type="locator" xlink:href="us-cafr_core.xsd#us-cafr_GovernmentalActivitiesMember" xlink:label="us-cafr_GovernmentalActivitiesMember"/>
    <link:label xlink:type="resource" xlink:label="label_us-cafr_GovernmentalActivitiesMember_1" xlink:role="http://www.xbrl.org/2003/role/documentation" xlink:title="label_us-cafr_GovernmentalActivitiesMember" xml:lang="en" id="label_us-cafr_GovernmentalActivitiesMember_1">The reported information reflects the governmental activities.</link:label>
    <link:labelArc xlink:type="arc" xlink:arcrole="http://www.xbrl.org/2003/arcrole/concept-label" xlink:from="us-cafr_GovernmentalActivitiesMember" xlink:to="label_us-cafr_GovernmentalActivitiesMember_1" xlink:title="label: GovernmentalActivitiesMember to label_us-cafr_GovernmentalActivitiesMember"/>
    <link:loc xlink:type="locator" xlink:href="us-cafr_core.xsd#us-cafr_BusinessTypeActivitiesMember" xlink:label="us-cafr_BusinessTypeActivitiesMember"/>
    <link:label xlink:type="resource" xlink:label="label_us-cafr_BusinessTypeActivitiesMember_1" xlink:role="http://www.xbrl.org/2003/role/documentation" xlink:title="label_us-cafr_BusinessTypeActivitiesMember" xml:lang="en" id="label_us-cafr_BusinessTypeActivitiesMember_1">The reported information reflects the business-type activities.</link:label>
    <link:labelArc xlink:type="arc" xlink:arcrole="http://www.xbrl.org/2003/arcrole/concept-label" xlink:from="us-cafr_BusinessTypeActivitiesMember" xlink:to="label_us-cafr_BusinessTypeActivitiesMember_1" xlink:title="label: BusinessTypeActivitiesMember to label_us-cafr_BusinessTypeActivitiesMember"/>
    <link:loc xlink:type="locator" xlink:href="us-cafr_core.xsd#us-cafr_PrimaryGovernmentActivitiesMember" xlink:label="us-cafr_PrimaryGovernmentActivitiesMember"/>
    <link:label xlink:type="resource" xlink:label="label_us-cafr_PrimaryGovernmentActivitiesMember_1" xlink:role="http://www.xbrl.org/2003/role/documentation" xlink:title="label_us-cafr_PrimaryGovernmentActivitiesMember" xml:lang="en" id="label_us-cafr_PrimaryGovernmentActivitiesMember_1">The reported information reflects the primary government activities.</link:label>
    <link:labelArc xlink:type="arc" xlink:arcrole="http://www.xbrl.org/2003/arcrole/concept-label" xlink:from="us-cafr_PrimaryGovernmentActivitiesMember" xlink:to="label_us-cafr_PrimaryGovernmentActivitiesMember_1" xlink:title="label: PrimaryGovernmentActivitiesMember to label_us-cafr_PrimaryGovernmentActivitiesMember"/>
    <link:loc xlink:type="locator" xlink:href="us-cafr_core.xsd#us-cafr_ComponentUnitMember" xlink:label="us-cafr_ComponentUnitMember"/>
    <link:label xlink:type="resource" xlink:label="label_us-cafr_ComponentUnitMember_1" xlink:role="http://www.xbrl.org/2003/role/documentation" xlink:title="label_us-cafr_ComponentUnitMember" xml:lang="en" id="label_us-cafr_ComponentUnitMember_1">The reported information reflects the unit of component.</link:label>
    <link:labelArc xlink:type="arc" xlink:arcrole="http://www.xbrl.org/2003/arcrole/concept-label" xlink:from="us-cafr_ComponentUnitMember" xlink:to="label_us-cafr_ComponentUnitMember_1" xlink:title="label: ComponentUnitMember to label_us-cafr_ComponentUnitMember"/>
    <link:loc xlink:type="locator" xlink:href="us-cafr_core.xsd#us-cafr_DueWithinOneYearMember" xlink:label="us-cafr_DueWithinOneYearMember"/>
    <link:label xlink:type="resource" xlink:label="label_us-cafr_DueWithinOneYearMember_1" xlink:role="http://www.xbrl.org/2003/role/documentation" xlink:title="label_us-cafr_DueWithinOneYearMember" xml:lang="en" id="label_us-cafr_DueWithinOneYearMember_1">The reported information reflects the time interval from the relevant reporting end date up to and including 1 year after that date</link:label>
    <link:labelArc xlink:type="arc" xlink:arcrole="http://www.xbrl.org/2003/arcrole/concept-label" xlink:from="us-cafr_DueWithinOneYearMember" xlink:to="label_us-cafr_DueWithinOneYearMember_1" xlink:title="label: DueWithinOneYearMember to label_us-cafr_DueWithinOneYearMember"/>
    <link:loc xlink:type="locator" xlink:href="us-cafr_core.xsd#us-cafr_DueInMoreThanOneYearMember" xlink:label="us-cafr_DueInMoreThanOneYearMember"/>
    <link:label xlink:type="resource" xlink:label="label_us-cafr_DueInMoreThanOneYearMember_1" xlink:role="http://www.xbrl.org/2003/role/documentation" xlink:title="label_us-cafr_DueInMoreThanOneYearMember" xml:lang="en" id="label_us-cafr_DueInMoreThanOneYearMember_1">The reported information reflects the time interval which commences after 1 year from the relevant reporting end date and continues into the future.</link:label>
    <link:labelArc xlink:type="arc" xlink:arcrole="http://www.xbrl.org/2003/arcrole/concept-label" xlink:from="us-cafr_DueInMoreThanOneYearMember" xlink:to="label_us-cafr_DueInMoreThanOneYearMember_1" xlink:title="label: DueInMoreThanOneYearMember to label_us-cafr_DueInMoreThanOneYearMember"/>
    <link:loc xlink:type="locator" xlink:href="us-cafr_core.xsd#us-cafr_RestrictedMember" xlink:label="us-cafr_RestrictedMember"/>
    <link:label xlink:type="resource" xlink:label="label_us-cafr_RestrictedMember_1" xlink:role="http://www.xbrl.org/2003/role/documentation" xlink:title="label_us-cafr_RestrictedMember" xml:lang="en" id="label_us-cafr_RestrictedMember_1">The reported information reflects the restricted nature of the concept. Restricted means subject to conditions.</link:label>
    <link:labelArc xlink:type="arc" xlink:arcrole="http://www.xbrl.org/2003/arcrole/concept-label" xlink:from="us-cafr_RestrictedMember" xlink:to="label_us-cafr_RestrictedMember_1" xlink:title="label: RestrictedMember to label_us-cafr_RestrictedMember"/>
    <link:loc xlink:type="locator" xlink:href="us-cafr_core.xsd#us-cafr_UnrestrictedMember" xlink:label="us-cafr_UnrestrictedMember"/>
    <link:label xlink:type="resource" xlink:label="label_us-cafr_UnrestrictedMember_1" xlink:role="http://www.xbrl.org/2003/role/documentation" xlink:title="label_us-cafr_UnrestrictedMember" xml:lang="en" id="label_us-cafr_UnrestrictedMember_1">The reported information reflects the unrestricted nature of the concept. Unrestricted means not subject to any conditions.</link:label>
    <link:labelArc xlink:type="arc" xlink:arcrole="http://www.xbrl.org/2003/arcrole/concept-label" xlink:from="us-cafr_UnrestrictedMember" xlink:to="label_us-cafr_UnrestrictedMember_1" xlink:title="label: UnrestrictedMember to label_us-cafr_UnrestrictedMember"/>
    <link:loc xlink:type="locator" xlink:href="us-cafr_core.xsd#us-cafr_ExpendableMember" xlink:label="us-cafr_ExpendableMember"/>
    <link:label xlink:type="resource" xlink:label="label_us-cafr_ExpendableMember_1" xlink:role="http://www.xbrl.org/2003/role/documentation" xlink:title="label_us-cafr_ExpendableMember" xml:lang="en" id="label_us-cafr_ExpendableMember_1">The reported information reflects expendable nature. Expendable is designed to be used only once and then abandoned or destroyed.</link:label>
    <link:labelArc xlink:type="arc" xlink:arcrole="http://www.xbrl.org/2003/arcrole/concept-label" xlink:from="us-cafr_ExpendableMember" xlink:to="label_us-cafr_ExpendableMember_1" xlink:title="label: ExpendableMember to label_us-cafr_ExpendableMember"/>
    <link:loc xlink:type="locator" xlink:href="us-cafr_core.xsd#us-cafr_NonExpendableMember" xlink:label="us-cafr_NonExpendableMember"/>
    <link:label xlink:type="resource" xlink:label="label_us-cafr_NonExpendableMember_1" xlink:role="http://www.xbrl.org/2003/role/documentation" xlink:title="label_us-cafr_NonExpendableMember" xml:lang="en" id="label_us-cafr_NonExpendableMember_1">The reported information reflects non-expendable nature. Non-expendable are supplies not consumed in use that retain their original identity during the period of use, such as weapons, machines, tools, and equipments.</link:label>
    <link:labelArc xlink:type="arc" xlink:arcrole="http://www.xbrl.org/2003/arcrole/concept-label" xlink:from="us-cafr_NonExpendableMember" xlink:to="label_us-cafr_NonExpendableMember_1" xlink:title="label: NonExpendableMember to label_us-cafr_NonExpendableMember"/>
    <link:loc xlink:type="locator" xlink:href="us-cafr_core.xsd#us-cafr_GovernmentalFundsMember" xlink:label="us-cafr_GovernmentalFundsMember"/>
    <link:label xlink:type="resource" xlink:label="label_us-cafr_GovernmentalFundsMember_1" xlink:role="http://www.xbrl.org/2003/role/documentation" xlink:title="label_us-cafr_GovernmentalFundsMember" xml:lang="en" id="label_us-cafr_GovernmentalFundsMember_1">The reported information reflects governmental funds.</link:label>
    <link:labelArc xlink:type="arc" xlink:arcrole="http://www.xbrl.org/2003/arcrole/concept-label" xlink:from="us-cafr_GovernmentalFundsMember" xlink:to="label_us-cafr_GovernmentalFundsMember_1" xlink:title="label: GovernmentalFundsMember to label_us-cafr_GovernmentalFundsMember"/>
    <link:loc xlink:type="locator" xlink:href="us-cafr_core.xsd#us-cafr_MajorGovernmentalFundsMember" xlink:label="us-cafr_MajorGovernmentalFundsMember"/>
    <link:label xlink:type="resource" xlink:label="label_us-cafr_MajorGovernmentalFundsMember_1" xlink:role="http://www.xbrl.org/2003/role/documentation" xlink:title="label_us-cafr_MajorGovernmentalFundsMember" xml:lang="en" id="label_us-cafr_MajorGovernmentalFundsMember_1">The reported information reflects major governmental funds.</link:label>
    <link:labelArc xlink:type="arc" xlink:arcrole="http://www.xbrl.org/2003/arcrole/concept-label" xlink:from="us-cafr_MajorGovernmentalFundsMember" xlink:to="label_us-cafr_MajorGovernmentalFundsMember_1" xlink:title="label: MajorGovernmentalFundsMember to label_us-cafr_MajorGovernmentalFundsMember"/>
    <link:loc xlink:type="locator" xlink:href="us-cafr_core.xsd#us-cafr_GovernmentalFunds01Member" xlink:label="us-cafr_GovernmentalFunds01Member"/>
    <link:label xlink:type="resource" xlink:label="label_us-cafr_GovernmentalFunds01Member_1" xlink:role="http://www.xbrl.org/2003/role/documentation" xlink:title="label_us-cafr_GovernmentalFunds01Member" xml:lang="en" id="label_us-cafr_GovernmentalFunds01Member_1">The reported information reflects governmental funds 01. Its depicts the type of government fund which is being reported.</link:label>
    <link:labelArc xlink:type="arc" xlink:arcrole="http://www.xbrl.org/2003/arcrole/concept-label" xlink:from="us-cafr_GovernmentalFunds01Member" xlink:to="label_us-cafr_GovernmentalFunds01Member_1" xlink:title="label: GovernmentalFunds01Member to label_us-cafr_GovernmentalFunds01Member"/>
    <link:loc xlink:type="locator" xlink:href="us-cafr_core.xsd#us-cafr_GovernmentalFunds02Member" xlink:label="us-cafr_GovernmentalFunds02Member"/>
    <link:label xlink:type="resource" xlink:label="label_us-cafr_GovernmentalFunds02Member_1" xlink:role="http://www.xbrl.org/2003/role/documentation" xlink:title="label_us-cafr_GovernmentalFunds02Member" xml:lang="en" id="label_us-cafr_GovernmentalFunds02Member_1">The reported information reflects governmental funds 02. Its depicts the type of government fund which is being reported.</link:label>
    <link:labelArc xlink:type="arc" xlink:arcrole="http://www.xbrl.org/2003/arcrole/concept-label" xlink:from="us-cafr_GovernmentalFunds02Member" xlink:to="label_us-cafr_GovernmentalFunds02Member_1" xlink:title="label: GovernmentalFunds02Member to label_us-cafr_GovernmentalFunds02Member"/>
    <link:loc xlink:type="locator" xlink:href="us-cafr_core.xsd#us-cafr_GovernmentalFunds03Member" xlink:label="us-cafr_GovernmentalFunds03Member"/>
    <link:label xlink:type="resource" xlink:label="label_us-cafr_GovernmentalFunds03Member_1" xlink:role="http://www.xbrl.org/2003/role/documentation" xlink:title="label_us-cafr_GovernmentalFunds03Member" xml:lang="en" id="label_us-cafr_GovernmentalFunds03Member_1">The reported information reflects governmental funds 03. Its depicts the type of government fund which is being reported.</link:label>
    <link:labelArc xlink:type="arc" xlink:arcrole="http://www.xbrl.org/2003/arcrole/concept-label" xlink:from="us-cafr_GovernmentalFunds03Member" xlink:to="label_us-cafr_GovernmentalFunds03Member_1" xlink:title="label: GovernmentalFunds03Member to label_us-cafr_GovernmentalFunds03Member"/>
    <link:loc xlink:type="locator" xlink:href="us-cafr_core.xsd#us-cafr_GovernmentalFunds04Member" xlink:label="us-cafr_GovernmentalFunds04Member"/>
    <link:label xlink:type="resource" xlink:label="label_us-cafr_GovernmentalFunds04Member_1" xlink:role="http://www.xbrl.org/2003/role/documentation" xlink:title="label_us-cafr_GovernmentalFunds04Member" xml:lang="en" id="label_us-cafr_GovernmentalFunds04Member_1">The reported information reflects governmental funds 04. Its depicts the type of government fund which is being reported.</link:label>
    <link:labelArc xlink:type="arc" xlink:arcrole="http://www.xbrl.org/2003/arcrole/concept-label" xlink:from="us-cafr_GovernmentalFunds04Member" xlink:to="label_us-cafr_GovernmentalFunds04Member_1" xlink:title="label: GovernmentalFunds04Member to label_us-cafr_GovernmentalFunds04Member"/>
    <link:loc xlink:type="locator" xlink:href="us-cafr_core.xsd#us-cafr_GovernmentalFunds05Member" xlink:label="us-cafr_GovernmentalFunds05Member"/>
    <link:label xlink:type="resource" xlink:label="label_us-cafr_GovernmentalFunds05Member_1" xlink:role="http://www.xbrl.org/2003/role/documentation" xlink:title="label_us-cafr_GovernmentalFunds05Member" xml:lang="en" id="label_us-cafr_GovernmentalFunds05Member_1">The reported information reflects governmental funds 05. Its depicts the type of government fund which is being reported.</link:label>
    <link:labelArc xlink:type="arc" xlink:arcrole="http://www.xbrl.org/2003/arcrole/concept-label" xlink:from="us-cafr_GovernmentalFunds05Member" xlink:to="label_us-cafr_GovernmentalFunds05Member_1" xlink:title="label: GovernmentalFunds05Member to label_us-cafr_GovernmentalFunds05Member"/>
    <link:loc xlink:type="locator" xlink:href="us-cafr_core.xsd#us-cafr_GovernmentalFunds06Member" xlink:label="us-cafr_GovernmentalFunds06Member"/>
    <link:label xlink:type="resource" xlink:label="label_us-cafr_GovernmentalFunds06Member_1" xlink:role="http://www.xbrl.org/2003/role/documentation" xlink:title="label_us-cafr_GovernmentalFunds06Member" xml:lang="en" id="label_us-cafr_GovernmentalFunds06Member_1">The reported information reflects governmental funds 06. Its depicts the type of government fund which is being reported.</link:label>
    <link:labelArc xlink:type="arc" xlink:arcrole="http://www.xbrl.org/2003/arcrole/concept-label" xlink:from="us-cafr_GovernmentalFunds06Member" xlink:to="label_us-cafr_GovernmentalFunds06Member_1" xlink:title="label: GovernmentalFunds06Member to label_us-cafr_GovernmentalFunds06Member"/>
    <link:loc xlink:type="locator" xlink:href="us-cafr_core.xsd#us-cafr_GovernmentalFunds07Member" xlink:label="us-cafr_GovernmentalFunds07Member"/>
    <link:label xlink:type="resource" xlink:label="label_us-cafr_GovernmentalFunds07Member_1" xlink:role="http://www.xbrl.org/2003/role/documentation" xlink:title="label_us-cafr_GovernmentalFunds07Member" xml:lang="en" id="label_us-cafr_GovernmentalFunds07Member_1">The reported information reflects governmental funds 07. Its depicts the type of government fund which is being reported.</link:label>
    <link:labelArc xlink:type="arc" xlink:arcrole="http://www.xbrl.org/2003/arcrole/concept-label" xlink:from="us-cafr_GovernmentalFunds07Member" xlink:to="label_us-cafr_GovernmentalFunds07Member_1" xlink:title="label: GovernmentalFunds07Member to label_us-cafr_GovernmentalFunds07Member"/>
    <link:loc xlink:type="locator" xlink:href="us-cafr_core.xsd#us-cafr_GovernmentalFunds08Member" xlink:label="us-cafr_GovernmentalFunds08Member"/>
    <link:label xlink:type="resource" xlink:label="label_us-cafr_GovernmentalFunds08Member_1" xlink:role="http://www.xbrl.org/2003/role/documentation" xlink:title="label_us-cafr_GovernmentalFunds08Member" xml:lang="en" id="label_us-cafr_GovernmentalFunds08Member_1">The reported information reflects governmental funds 08. Its depicts the type of government fund which is being reported.</link:label>
    <link:labelArc xlink:type="arc" xlink:arcrole="http://www.xbrl.org/2003/arcrole/concept-label" xlink:from="us-cafr_GovernmentalFunds08Member" xlink:to="label_us-cafr_GovernmentalFunds08Member_1" xlink:title="label: GovernmentalFunds08Member to label_us-cafr_GovernmentalFunds08Member"/>
    <link:loc xlink:type="locator" xlink:href="us-cafr_core.xsd#us-cafr_GovernmentalFunds09Member" xlink:label="us-cafr_GovernmentalFunds09Member"/>
    <link:label xlink:type="resource" xlink:label="label_us-cafr_GovernmentalFunds09Member_1" xlink:role="http://www.xbrl.org/2003/role/documentation" xlink:title="label_us-cafr_GovernmentalFunds09Member" xml:lang="en" id="label_us-cafr_GovernmentalFunds09Member_1">The reported information reflects governmental funds 09. Its depicts the type of government fund which is being reported.</link:label>
    <link:labelArc xlink:type="arc" xlink:arcrole="http://www.xbrl.org/2003/arcrole/concept-label" xlink:from="us-cafr_GovernmentalFunds09Member" xlink:to="label_us-cafr_GovernmentalFunds09Member_1" xlink:title="label: GovernmentalFunds09Member to label_us-cafr_GovernmentalFunds09Member"/>
    <link:loc xlink:type="locator" xlink:href="us-cafr_core.xsd#us-cafr_GovernmentalFunds10Member" xlink:label="us-cafr_GovernmentalFunds10Member"/>
    <link:label xlink:type="resource" xlink:label="label_us-cafr_GovernmentalFunds10Member_1" xlink:role="http://www.xbrl.org/2003/role/documentation" xlink:title="label_us-cafr_GovernmentalFunds10Member" xml:lang="en" id="label_us-cafr_GovernmentalFunds10Member_1">The reported information reflects governmental funds 10. Its depicts the type of government fund which is being reported.</link:label>
    <link:labelArc xlink:type="arc" xlink:arcrole="http://www.xbrl.org/2003/arcrole/concept-label" xlink:from="us-cafr_GovernmentalFunds10Member" xlink:to="label_us-cafr_GovernmentalFunds10Member_1" xlink:title="label: GovernmentalFunds10Member to label_us-cafr_GovernmentalFunds10Member"/>
    <link:loc xlink:type="locator" xlink:href="us-cafr_core.xsd#us-cafr_NonMajorGovernmentalFundsMember" xlink:label="us-cafr_NonMajorGovernmentalFundsMember"/>
    <link:label xlink:type="resource" xlink:label="label_us-cafr_NonMajorGovernmentalFundsMember_1" xlink:role="http://www.xbrl.org/2003/role/documentation" xlink:title="label_us-cafr_NonMajorGovernmentalFundsMember" xml:lang="en" id="label_us-cafr_NonMajorGovernmentalFundsMember_1">The reported information reflects non-major governmental funds.</link:label>
    <link:labelArc xlink:type="arc" xlink:arcrole="http://www.xbrl.org/2003/arcrole/concept-label" xlink:from="us-cafr_NonMajorGovernmentalFundsMember" xlink:to="label_us-cafr_NonMajorGovernmentalFundsMember_1" xlink:title="label: NonMajorGovernmentalFundsMember to label_us-cafr_NonMajorGovernmentalFundsMember"/>
    <link:loc xlink:type="locator" xlink:href="us-cafr_core.xsd#us-cafr_RetirementFundMember" xlink:label="us-cafr_RetirementFundMember"/>
    <link:label xlink:type="resource" xlink:label="label_us-cafr_RetirementFundMember_1" xlink:role="http://www.xbrl.org/2003/role/documentation" xlink:title="label_us-cafr_RetirementFundMember" xml:lang="en" id="label_us-cafr_RetirementFundMember_1">The reported information reflects retirement fund.</link:label>
    <link:labelArc xlink:type="arc" xlink:arcrole="http://www.xbrl.org/2003/arcrole/concept-label" xlink:from="us-cafr_RetirementFundMember" xlink:to="label_us-cafr_RetirementFundMember_1" xlink:title="label: RetirementFundMember to label_us-cafr_RetirementFundMember"/>
    <link:loc xlink:type="locator" xlink:href="us-cafr_core.xsd#us-cafr_RetirementFund01Member" xlink:label="us-cafr_RetirementFund01Member"/>
    <link:label xlink:type="resource" xlink:label="label_us-cafr_RetirementFund01Member_1" xlink:role="http://www.xbrl.org/2003/role/documentation" xlink:title="label_us-cafr_RetirementFund01Member" xml:lang="en" id="label_us-cafr_RetirementFund01Member_1">The reported information reflects retirement fund 01. Its depicts the type of retirement fund which is being reported.</link:label>
    <link:labelArc xlink:type="arc" xlink:arcrole="http://www.xbrl.org/2003/arcrole/concept-label" xlink:from="us-cafr_RetirementFund01Member" xlink:to="label_us-cafr_RetirementFund01Member_1" xlink:title="label: RetirementFund01Member to label_us-cafr_RetirementFund01Member"/>
    <link:loc xlink:type="locator" xlink:href="us-cafr_core.xsd#us-cafr_RetirementFund02Member" xlink:label="us-cafr_RetirementFund02Member"/>
    <link:label xlink:type="resource" xlink:label="label_us-cafr_RetirementFund02Member_1" xlink:role="http://www.xbrl.org/2003/role/documentation" xlink:title="label_us-cafr_RetirementFund02Member" xml:lang="en" id="label_us-cafr_RetirementFund02Member_1">The reported information reflects retirement fund 02. Its depicts the type of retirement fund which is being reported.</link:label>
    <link:labelArc xlink:type="arc" xlink:arcrole="http://www.xbrl.org/2003/arcrole/concept-label" xlink:from="us-cafr_RetirementFund02Member" xlink:to="label_us-cafr_RetirementFund02Member_1" xlink:title="label: RetirementFund02Member to label_us-cafr_RetirementFund02Member"/>
    <link:loc xlink:type="locator" xlink:href="us-cafr_core.xsd#us-cafr_RetirementFund03Member" xlink:label="us-cafr_RetirementFund03Member"/>
    <link:label xlink:type="resource" xlink:label="label_us-cafr_RetirementFund03Member_1" xlink:role="http://www.xbrl.org/2003/role/documentation" xlink:title="label_us-cafr_RetirementFund03Member" xml:lang="en" id="label_us-cafr_RetirementFund03Member_1">The reported information reflects retirement fund 03. Its depicts the type of retirement fund which is being reported.</link:label>
    <link:labelArc xlink:type="arc" xlink:arcrole="http://www.xbrl.org/2003/arcrole/concept-label" xlink:from="us-cafr_RetirementFund03Member" xlink:to="label_us-cafr_RetirementFund03Member_1" xlink:title="label: RetirementFund03Member to label_us-cafr_RetirementFund03Member"/>
    <link:loc xlink:type="locator" xlink:href="us-cafr_core.xsd#us-cafr_RetirementFund04Member" xlink:label="us-cafr_RetirementFund04Member"/>
    <link:label xlink:type="resource" xlink:label="label_us-cafr_RetirementFund04Member_1" xlink:role="http://www.xbrl.org/2003/role/documentation" xlink:title="label_us-cafr_RetirementFund04Member" xml:lang="en" id="label_us-cafr_RetirementFund04Member_1">The reported information reflects retirement fund 04. Its depicts the type of retirement fund which is being reported.</link:label>
    <link:labelArc xlink:type="arc" xlink:arcrole="http://www.xbrl.org/2003/arcrole/concept-label" xlink:from="us-cafr_RetirementFund04Member" xlink:to="label_us-cafr_RetirementFund04Member_1" xlink:title="label: RetirementFund04Member to label_us-cafr_RetirementFund04Member"/>
    <link:loc xlink:type="locator" xlink:href="us-cafr_core.xsd#us-cafr_RetirementFund05Member" xlink:label="us-cafr_RetirementFund05Member"/>
    <link:label xlink:type="resource" xlink:label="label_us-cafr_RetirementFund05Member_1" xlink:role="http://www.xbrl.org/2003/role/documentation" xlink:title="label_us-cafr_RetirementFund05Member" xml:lang="en" id="label_us-cafr_RetirementFund05Member_1">The reported information reflects retirement fund 05. Its depicts the type of retirement fund which is being reported.</link:label>
    <link:labelArc xlink:type="arc" xlink:arcrole="http://www.xbrl.org/2003/arcrole/concept-label" xlink:from="us-cafr_RetirementFund05Member" xlink:to="label_us-cafr_RetirementFund05Member_1" xlink:title="label: RetirementFund05Member to label_us-cafr_RetirementFund05Member"/>
    <link:loc xlink:type="locator" xlink:href="us-cafr_core.xsd#us-cafr_FiscalYear01Member" xlink:label="us-cafr_FiscalYear01Member"/>
    <link:label xlink:type="resource" xlink:label="label_us-cafr_FiscalYear01Member_1" xlink:role="http://www.xbrl.org/2003/role/documentation" xlink:title="label_us-cafr_FiscalYear01Member" xml:lang="en" id="label_us-cafr_FiscalYear01Member_1">The reported information reflects fiscal year 01.</link:label>
    <link:labelArc xlink:type="arc" xlink:arcrole="http://www.xbrl.org/2003/arcrole/concept-label" xlink:from="us-cafr_FiscalYear01Member" xlink:to="label_us-cafr_FiscalYear01Member_1" xlink:title="label: FiscalYear01Member to label_us-cafr_FiscalYear01Member"/>
    <link:loc xlink:type="locator" xlink:href="us-cafr_core.xsd#us-cafr_FiscalYear02Member" xlink:label="us-cafr_FiscalYear02Member"/>
    <link:label xlink:type="resource" xlink:label="label_us-cafr_FiscalYear02Member_1" xlink:role="http://www.xbrl.org/2003/role/documentation" xlink:title="label_us-cafr_FiscalYear02Member" xml:lang="en" id="label_us-cafr_FiscalYear02Member_1">The reported information reflects fiscal year 02.</link:label>
    <link:labelArc xlink:type="arc" xlink:arcrole="http://www.xbrl.org/2003/arcrole/concept-label" xlink:from="us-cafr_FiscalYear02Member" xlink:to="label_us-cafr_FiscalYear02Member_1" xlink:title="label: FiscalYear02Member to label_us-cafr_FiscalYear02Member"/>
    <link:loc xlink:type="locator" xlink:href="us-cafr_core.xsd#us-cafr_FiscalYear03Member" xlink:label="us-cafr_FiscalYear03Member"/>
    <link:label xlink:type="resource" xlink:label="label_us-cafr_FiscalYear03Member_1" xlink:role="http://www.xbrl.org/2003/role/documentation" xlink:title="label_us-cafr_FiscalYear03Member" xml:lang="en" id="label_us-cafr_FiscalYear03Member_1">The reported information reflects fiscal year 03.</link:label>
    <link:labelArc xlink:type="arc" xlink:arcrole="http://www.xbrl.org/2003/arcrole/concept-label" xlink:from="us-cafr_FiscalYear03Member" xlink:to="label_us-cafr_FiscalYear03Member_1" xlink:title="label: FiscalYear03Member to label_us-cafr_FiscalYear03Member"/>
    <link:loc xlink:type="locator" xlink:href="us-cafr_core.xsd#us-cafr_FiscalYear04Member" xlink:label="us-cafr_FiscalYear04Member"/>
    <link:label xlink:type="resource" xlink:label="label_us-cafr_FiscalYear04Member_1" xlink:role="http://www.xbrl.org/2003/role/documentation" xlink:title="label_us-cafr_FiscalYear04Member" xml:lang="en" id="label_us-cafr_FiscalYear04Member_1">The reported information reflects fiscal year 04.</link:label>
    <link:labelArc xlink:type="arc" xlink:arcrole="http://www.xbrl.org/2003/arcrole/concept-label" xlink:from="us-cafr_FiscalYear04Member" xlink:to="label_us-cafr_FiscalYear04Member_1" xlink:title="label: FiscalYear04Member to label_us-cafr_FiscalYear04Member"/>
    <link:loc xlink:type="locator" xlink:href="us-cafr_core.xsd#us-cafr_FiscalYear05Member" xlink:label="us-cafr_FiscalYear05Member"/>
    <link:label xlink:type="resource" xlink:label="label_us-cafr_FiscalYear05Member_1" xlink:role="http://www.xbrl.org/2003/role/documentation" xlink:title="label_us-cafr_FiscalYear05Member" xml:lang="en" id="label_us-cafr_FiscalYear05Member_1">The reported information reflects fiscal year 05.</link:label>
    <link:labelArc xlink:type="arc" xlink:arcrole="http://www.xbrl.org/2003/arcrole/concept-label" xlink:from="us-cafr_FiscalYear05Member" xlink:to="label_us-cafr_FiscalYear05Member_1" xlink:title="label: FiscalYear05Member to label_us-cafr_FiscalYear05Member"/>
    <link:loc xlink:type="locator" xlink:href="us-cafr_core.xsd#us-cafr_FiscalYear06Member" xlink:label="us-cafr_FiscalYear06Member"/>
    <link:label xlink:type="resource" xlink:label="label_us-cafr_FiscalYear06Member_1" xlink:role="http://www.xbrl.org/2003/role/documentation" xlink:title="label_us-cafr_FiscalYear06Member" xml:lang="en" id="label_us-cafr_FiscalYear06Member_1">The reported information reflects fiscal year 06.</link:label>
    <link:labelArc xlink:type="arc" xlink:arcrole="http://www.xbrl.org/2003/arcrole/concept-label" xlink:from="us-cafr_FiscalYear06Member" xlink:to="label_us-cafr_FiscalYear06Member_1" xlink:title="label: FiscalYear06Member to label_us-cafr_FiscalYear06Member"/>
    <link:loc xlink:type="locator" xlink:href="us-cafr_core.xsd#us-cafr_FiscalYear07Member" xlink:label="us-cafr_FiscalYear07Member"/>
    <link:label xlink:type="resource" xlink:label="label_us-cafr_FiscalYear07Member_1" xlink:role="http://www.xbrl.org/2003/role/documentation" xlink:title="label_us-cafr_FiscalYear07Member" xml:lang="en" id="label_us-cafr_FiscalYear07Member_1">The reported information reflects fiscal year 07.</link:label>
    <link:labelArc xlink:type="arc" xlink:arcrole="http://www.xbrl.org/2003/arcrole/concept-label" xlink:from="us-cafr_FiscalYear07Member" xlink:to="label_us-cafr_FiscalYear07Member_1" xlink:title="label: FiscalYear07Member to label_us-cafr_FiscalYear07Member"/>
    <link:loc xlink:type="locator" xlink:href="us-cafr_core.xsd#us-cafr_FiscalYear08Member" xlink:label="us-cafr_FiscalYear08Member"/>
    <link:label xlink:type="resource" xlink:label="label_us-cafr_FiscalYear08Member_1" xlink:role="http://www.xbrl.org/2003/role/documentation" xlink:title="label_us-cafr_FiscalYear08Member" xml:lang="en" id="label_us-cafr_FiscalYear08Member_1">The reported information reflects fiscal year 08.</link:label>
    <link:labelArc xlink:type="arc" xlink:arcrole="http://www.xbrl.org/2003/arcrole/concept-label" xlink:from="us-cafr_FiscalYear08Member" xlink:to="label_us-cafr_FiscalYear08Member_1" xlink:title="label: FiscalYear08Member to label_us-cafr_FiscalYear08Member"/>
    <link:loc xlink:type="locator" xlink:href="us-cafr_core.xsd#us-cafr_FiscalYear09Member" xlink:label="us-cafr_FiscalYear09Member"/>
    <link:label xlink:type="resource" xlink:label="label_us-cafr_FiscalYear09Member_1" xlink:role="http://www.xbrl.org/2003/role/documentation" xlink:title="label_us-cafr_FiscalYear09Member" xml:lang="en" id="label_us-cafr_FiscalYear09Member_1">The reported information reflects fiscal year 09.</link:label>
    <link:labelArc xlink:type="arc" xlink:arcrole="http://www.xbrl.org/2003/arcrole/concept-label" xlink:from="us-cafr_FiscalYear09Member" xlink:to="label_us-cafr_FiscalYear09Member_1" xlink:title="label: FiscalYear09Member to label_us-cafr_FiscalYear09Member"/>
    <link:loc xlink:type="locator" xlink:href="us-cafr_core.xsd#us-cafr_FiscalYear10Member" xlink:label="us-cafr_FiscalYear10Member"/>
    <link:label xlink:type="resource" xlink:label="label_us-cafr_FiscalYear10Member_1" xlink:role="http://www.xbrl.org/2003/role/documentation" xlink:title="label_us-cafr_FiscalYear10Member" xml:lang="en" id="label_us-cafr_FiscalYear10Member_1">The reported information reflects fiscal year 10.</link:label>
    <link:labelArc xlink:type="arc" xlink:arcrole="http://www.xbrl.org/2003/arcrole/concept-label" xlink:from="us-cafr_FiscalYear10Member" xlink:to="label_us-cafr_FiscalYear10Member_1" xlink:title="label: FiscalYear10Member to label_us-cafr_FiscalYear10Member"/>
    <link:loc xlink:type="locator" xlink:href="us-cafr_core.xsd#us-cafr_RevenueBonds01Member" xlink:label="us-cafr_RevenueBonds01Member"/>
    <link:label xlink:type="resource" xlink:label="label_us-cafr_RevenueBonds01Member_1" xlink:role="http://www.xbrl.org/2003/role/documentation" xlink:title="label_us-cafr_RevenueBonds01Member" xml:lang="en" id="label_us-cafr_RevenueBonds01Member_1">The reported information reflects revenue bonds 01.</link:label>
    <link:labelArc xlink:type="arc" xlink:arcrole="http://www.xbrl.org/2003/arcrole/concept-label" xlink:from="us-cafr_RevenueBonds01Member" xlink:to="label_us-cafr_RevenueBonds01Member_1" xlink:title="label: RevenueBonds01Member to label_us-cafr_RevenueBonds01Member" use="optional" priority="0" order="1.0"/>
    <link:loc xlink:type="locator" xlink:href="us-cafr_core.xsd#us-cafr_RevenueBonds02Member" xlink:label="us-cafr_RevenueBonds02Member"/>
    <link:label xlink:type="resource" xlink:label="label_us-cafr_RevenueBonds02Member_1" xlink:role="http://www.xbrl.org/2003/role/documentation" xlink:title="label_us-cafr_RevenueBonds02Member" xml:lang="en" id="label_us-cafr_RevenueBonds02Member_1">The reported information reflects revenue bonds 02.</link:label>
    <link:labelArc xlink:type="arc" xlink:arcrole="http://www.xbrl.org/2003/arcrole/concept-label" xlink:from="us-cafr_RevenueBonds02Member" xlink:to="label_us-cafr_RevenueBonds02Member_1" xlink:title="label: RevenueBonds02Member to label_us-cafr_RevenueBonds02Member" use="optional" priority="0" order="1.0"/>
    <link:loc xlink:type="locator" xlink:href="us-cafr_core.xsd#us-cafr_RevenueBonds03Member" xlink:label="us-cafr_RevenueBonds03Member"/>
    <link:label xlink:type="resource" xlink:label="label_us-cafr_RevenueBonds03Member_1" xlink:role="http://www.xbrl.org/2003/role/documentation" xlink:title="label_us-cafr_RevenueBonds03Member" xml:lang="en" id="label_us-cafr_RevenueBonds03Member_1">The reported information reflects revenue bonds 03.</link:label>
    <link:labelArc xlink:type="arc" xlink:arcrole="http://www.xbrl.org/2003/arcrole/concept-label" xlink:from="us-cafr_RevenueBonds03Member" xlink:to="label_us-cafr_RevenueBonds03Member_1" xlink:title="label: RevenueBonds03Member to label_us-cafr_RevenueBonds03Member" use="optional" priority="0" order="1.0"/>
    <link:loc xlink:type="locator" xlink:href="us-cafr_core.xsd#us-cafr_RevenueBonds04Member" xlink:label="us-cafr_RevenueBonds04Member"/>
    <link:label xlink:type="resource" xlink:label="label_us-cafr_RevenueBonds04Member_1" xlink:role="http://www.xbrl.org/2003/role/documentation" xlink:title="label_us-cafr_RevenueBonds04Member" xml:lang="en" id="label_us-cafr_RevenueBonds04Member_1">The reported information reflects revenue bonds 04.</link:label>
    <link:labelArc xlink:type="arc" xlink:arcrole="http://www.xbrl.org/2003/arcrole/concept-label" xlink:from="us-cafr_RevenueBonds04Member" xlink:to="label_us-cafr_RevenueBonds04Member_1" xlink:title="label: RevenueBonds04Member to label_us-cafr_RevenueBonds04Member" use="optional" priority="0" order="1.0"/>
    <link:loc xlink:type="locator" xlink:href="us-cafr_core.xsd#us-cafr_RevenueBonds05Member" xlink:label="us-cafr_RevenueBonds05Member"/>
    <link:label xlink:type="resource" xlink:label="label_us-cafr_RevenueBonds05Member_1" xlink:role="http://www.xbrl.org/2003/role/documentation" xlink:title="label_us-cafr_RevenueBonds05Member" xml:lang="en" id="label_us-cafr_RevenueBonds05Member_1">The reported information reflects revenue bonds 05.</link:label>
    <link:labelArc xlink:type="arc" xlink:arcrole="http://www.xbrl.org/2003/arcrole/concept-label" xlink:from="us-cafr_RevenueBonds05Member" xlink:to="label_us-cafr_RevenueBonds05Member_1" xlink:title="label: RevenueBonds05Member to label_us-cafr_RevenueBonds05Member" use="optional" priority="0" order="1.0"/>
    <link:loc xlink:type="locator" xlink:href="us-cafr_core.xsd#us-cafr_RevenueBonds06Member" xlink:label="us-cafr_RevenueBonds06Member"/>
    <link:label xlink:type="resource" xlink:label="label_us-cafr_RevenueBonds06Member_1" xlink:role="http://www.xbrl.org/2003/role/documentation" xlink:title="label_us-cafr_RevenueBonds06Member" xml:lang="en" id="label_us-cafr_RevenueBonds06Member_1">The reported information reflects revenue bonds 06.</link:label>
    <link:labelArc xlink:type="arc" xlink:arcrole="http://www.xbrl.org/2003/arcrole/concept-label" xlink:from="us-cafr_RevenueBonds06Member" xlink:to="label_us-cafr_RevenueBonds06Member_1" xlink:title="label: RevenueBonds06Member to label_us-cafr_RevenueBonds06Member" use="optional" priority="0" order="1.0"/>
    <link:loc xlink:type="locator" xlink:href="us-cafr_core.xsd#us-cafr_RevenueBonds07Member" xlink:label="us-cafr_RevenueBonds07Member"/>
    <link:label xlink:type="resource" xlink:label="label_us-cafr_RevenueBonds07Member_1" xlink:role="http://www.xbrl.org/2003/role/documentation" xlink:title="label_us-cafr_RevenueBonds07Member" xml:lang="en" id="label_us-cafr_RevenueBonds07Member_1">The reported information reflects revenue bonds 07.</link:label>
    <link:labelArc xlink:type="arc" xlink:arcrole="http://www.xbrl.org/2003/arcrole/concept-label" xlink:from="us-cafr_RevenueBonds07Member" xlink:to="label_us-cafr_RevenueBonds07Member_1" xlink:title="label: RevenueBonds07Member to label_us-cafr_RevenueBonds07Member" use="optional" priority="0" order="1.0"/>
    <link:loc xlink:type="locator" xlink:href="us-cafr_core.xsd#us-cafr_RevenueBonds08Member" xlink:label="us-cafr_RevenueBonds08Member"/>
    <link:label xlink:type="resource" xlink:label="label_us-cafr_RevenueBonds08Member_1" xlink:role="http://www.xbrl.org/2003/role/documentation" xlink:title="label_us-cafr_RevenueBonds08Member" xml:lang="en" id="label_us-cafr_RevenueBonds08Member_1">The reported information reflects revenue bonds 08.</link:label>
    <link:labelArc xlink:type="arc" xlink:arcrole="http://www.xbrl.org/2003/arcrole/concept-label" xlink:from="us-cafr_RevenueBonds08Member" xlink:to="label_us-cafr_RevenueBonds08Member_1" xlink:title="label: RevenueBonds08Member to label_us-cafr_RevenueBonds08Member" use="optional" priority="0" order="1.0"/>
    <link:loc xlink:type="locator" xlink:href="us-cafr_core.xsd#us-cafr_RevenueBonds09Member" xlink:label="us-cafr_RevenueBonds09Member"/>
    <link:label xlink:type="resource" xlink:label="label_us-cafr_RevenueBonds09Member_1" xlink:role="http://www.xbrl.org/2003/role/documentation" xlink:title="label_us-cafr_RevenueBonds09Member" xml:lang="en" id="label_us-cafr_RevenueBonds09Member_1">The reported information reflects revenue bonds 09.</link:label>
    <link:labelArc xlink:type="arc" xlink:arcrole="http://www.xbrl.org/2003/arcrole/concept-label" xlink:from="us-cafr_RevenueBonds09Member" xlink:to="label_us-cafr_RevenueBonds09Member_1" xlink:title="label: RevenueBonds09Member to label_us-cafr_RevenueBonds09Member" use="optional" priority="0" order="1.0"/>
    <link:loc xlink:type="locator" xlink:href="us-cafr_core.xsd#us-cafr_RevenueBonds10Member" xlink:label="us-cafr_RevenueBonds10Member"/>
    <link:label xlink:type="resource" xlink:label="label_us-cafr_RevenueBonds10Member_1" xlink:role="http://www.xbrl.org/2003/role/documentation" xlink:title="label_us-cafr_RevenueBonds10Member" xml:lang="en" id="label_us-cafr_RevenueBonds10Member_1">The reported information reflects revenue bonds 10.</link:label>
    <link:labelArc xlink:type="arc" xlink:arcrole="http://www.xbrl.org/2003/arcrole/concept-label" xlink:from="us-cafr_RevenueBonds10Member" xlink:to="label_us-cafr_RevenueBonds10Member_1" xlink:title="label: RevenueBonds10Member to label_us-cafr_RevenueBonds10Member" use="optional" priority="0" order="1.0"/>
    <link:loc xlink:type="locator" xlink:href="us-cafr_core.xsd#us-cafr_DueFromOtherGovernmentalAgenciesAxis" xlink:label="us-cafr_DueFromOtherGovernmentalAgenciesAxis"/>
    <link:label xlink:type="resource" xlink:label="label_us-cafr_DueFromOtherGovernmentalAgenciesAxis_1" xlink:role="http://www.xbrl.org/2003/role/documentation" xlink:title="label_us-cafr_DueFromOtherGovernmentalAgenciesAxis" xml:lang="en" id="label_us-cafr_DueFromOtherGovernmentalAgenciesAxis_1">Typed Dimension</link:label>
    <link:labelArc xlink:type="arc" xlink:arcrole="http://www.xbrl.org/2003/arcrole/concept-label" xlink:from="us-cafr_DueFromOtherGovernmentalAgenciesAxis" xlink:to="label_us-cafr_DueFromOtherGovernmentalAgenciesAxis_1" xlink:title="label: DueFromOtherGovernmentalAgenciesAxis to label_us-cafr_DueFromOtherGovernmentalAgenciesAxis"/>
    <link:loc xlink:type="locator" xlink:href="us-cafr_core.xsd#us-cafr_InterGovernmentalRevenueAxis" xlink:label="us-cafr_InterGovernmentalRevenueAxis"/>
    <link:label xlink:type="resource" xlink:label="label_us-cafr_InterGovernmentalRevenueAxis_1" xlink:role="http://www.xbrl.org/2003/role/documentation" xlink:title="label_us-cafr_InterGovernmentalRevenueAxis" xml:lang="en" id="label_us-cafr_InterGovernmentalRevenueAxis_1">Typed Dimension</link:label>
    <link:labelArc xlink:type="arc" xlink:arcrole="http://www.xbrl.org/2003/arcrole/concept-label" xlink:from="us-cafr_InterGovernmentalRevenueAxis" xlink:to="label_us-cafr_InterGovernmentalRevenueAxis_1" xlink:title="label: InterGovernmentalRevenueAxis to label_us-cafr_InterGovernmentalRevenueAxis"/>
  </link:labelLink>
</link:linkbase>
