<?xml version="1.0" encoding="UTF-8"?>


<!--Copyrights reserved for IRIS Business Services Ltd. 2018-->
<!-- © 2018 - Generated by IRIS Noah Taxonomy Editor -->
<!--
Taxonomy: 2018-05-01 (Final)
Copyright © 2018 ,Civic authorities, United States of America
All rights reserved.   
Civic Authorities Financial Reporting Taxonomy 2018
Accounting reference for concepts
 -->
<linkbase xmlns:xsi="http://www.w3.org/2001/XMLSchema-instance" xsi:schemaLocation="http://www.xbrl.org/2006/ref http://www.xbrl.org/2006/ref-2006-02-27.xsd" xmlns="http://www.xbrl.org/2003/linkbase" xmlns:ref="http://www.xbrl.org/2006/ref" xmlns:xbrli="http://www.xbrl.org/2003/instance" xmlns:xlink="http://www.w3.org/1999/xlink">
  <referenceLink xlink:type="extended" xlink:role="http://www.xbrl.org/2003/role/link">
    <loc xlink:type="locator" xlink:href="us-cafr_core.xsd#us-cafr_CashAndCashEquivalents" xlink:label="CashAndCashEquivalents"/>
    <reference xlink:type="resource" xlink:label="reference_CashAndCashEquivalents" xlink:role="http://www.xbrl.org/2003/role/reference">
      <ref:Publisher>Governmental Accounting Standards Board (GASB)</ref:Publisher>
      <ref:Name>Basic Financial Statements and Managements Discussion and Analysis for State and Local
Governments</ref:Name>
      <ref:Paragraph>GASB statement number 34</ref:Paragraph>
    </reference>
    <referenceArc xlink:type="arc" xlink:arcrole="http://www.xbrl.org/2003/arcrole/concept-reference" xlink:from="CashAndCashEquivalents" xlink:to="reference_CashAndCashEquivalents"/>
    <loc xlink:type="locator" xlink:href="us-cafr_core.xsd#us-cafr_Investments" xlink:label="Investments" xlink:title="Investments"/>
    <reference xlink:type="resource" xlink:label="reference_Investments" xlink:role="http://www.xbrl.org/2003/role/reference" xlink:title="reference_Investments" id="reference_Investments">
      <ref:Publisher>Governmental Accounting Standards Board (GASB)</ref:Publisher>
      <ref:Name>Basic Financial Statements and Managements Discussion and Analysis for State and Local
Governments</ref:Name>
      <ref:Paragraph>GASB statement number 34</ref:Paragraph>
    </reference>
    <referenceArc xlink:type="arc" xlink:arcrole="http://www.xbrl.org/2003/arcrole/concept-reference" xlink:from="Investments" xlink:to="reference_Investments" xlink:title="reference: Investments to reference_Investments"/>
    <loc xlink:type="locator" xlink:href="us-cafr_core.xsd#us-cafr_Receivables" xlink:label="Receivables" xlink:title="Receivables"/>
    <reference xlink:type="resource" xlink:label="reference_Receivables" xlink:role="http://www.xbrl.org/2003/role/reference" xlink:title="reference_Receivables" id="reference_Receivables">
      <ref:Publisher>Governmental Accounting Standards Board (GASB)</ref:Publisher>
      <ref:Name>Basic Financial Statements and Managements Discussion and Analysis for State and Local
Governments</ref:Name>
      <ref:Paragraph>GASB statement number 34</ref:Paragraph>
    </reference>
    <referenceArc xlink:type="arc" xlink:arcrole="http://www.xbrl.org/2003/arcrole/concept-reference" xlink:from="Receivables" xlink:to="reference_Receivables" xlink:title="reference: Receivables to reference_Receivables"/>
    <loc xlink:type="locator" xlink:href="us-cafr_core.xsd#us-cafr_InternalBalancesAssets" xlink:label="InternalBalancesAssets" xlink:title="InternalBalancesAssets"/>
    <reference xlink:type="resource" xlink:label="reference_InternalBalancesAssets" xlink:role="http://www.xbrl.org/2003/role/reference" xlink:title="reference_InternalBalancesAssets" id="reference_InternalBalancesAssets">
      <ref:Publisher>Governmental Accounting Standards Board (GASB)</ref:Publisher>
      <ref:Name>Basic Financial Statements and Managements Discussion and Analysis for State and Local
Governments</ref:Name>
      <ref:Paragraph>GASB statement number 34</ref:Paragraph>
    </reference>
    <referenceArc xlink:type="arc" xlink:arcrole="http://www.xbrl.org/2003/arcrole/concept-reference" xlink:from="InternalBalancesAssets" xlink:to="reference_InternalBalancesAssets" xlink:title="reference: InternalBalancesAssets to reference_InternalBalancesAssets"/>
    <loc xlink:type="locator" xlink:href="us-cafr_core.xsd#us-cafr_DueFromOtherGovernmentalAgencies" xlink:label="DueFromOtherGovernmentalAgencies" xlink:title="DueFromOtherGovernmentalAgencies"/>
    <reference xlink:type="resource" xlink:label="reference_DueFromOtherGovernmentalAgencies" xlink:role="http://www.xbrl.org/2003/role/reference" xlink:title="reference_DueFromOtherGovernmentalAgencies" id="reference_DueFromOtherGovernmentalAgencies">
      <ref:Publisher>Governmental Accounting Standards Board (GASB)</ref:Publisher>
      <ref:Name>Basic Financial Statements and Managements Discussion and Analysis for State and Local
Governments</ref:Name>
      <ref:Paragraph>GASB statement number 34</ref:Paragraph>
    </reference>
    <referenceArc xlink:type="arc" xlink:arcrole="http://www.xbrl.org/2003/arcrole/concept-reference" xlink:from="DueFromOtherGovernmentalAgencies" xlink:to="reference_DueFromOtherGovernmentalAgencies" xlink:title="reference: DueFromOtherGovernmentalAgencies to reference_DueFromOtherGovernmentalAgencies"/>
    <loc xlink:type="locator" xlink:href="us-cafr_core.xsd#us-cafr_AssetsInventories" xlink:label="AssetsInventories" xlink:title="AssetsInventories"/>
    <reference xlink:type="resource" xlink:label="reference_AssetsInventories" xlink:role="http://www.xbrl.org/2003/role/reference" xlink:title="reference_AssetsInventories" id="reference_AssetsInventories">
      <ref:Publisher>Governmental Accounting Standards Board (GASB)</ref:Publisher>
      <ref:Name>Basic Financial Statements and Managements Discussion and Analysis for State and Local
Governments</ref:Name>
      <ref:Paragraph>GASB statement number 34</ref:Paragraph>
    </reference>
    <referenceArc xlink:type="arc" xlink:arcrole="http://www.xbrl.org/2003/arcrole/concept-reference" xlink:from="AssetsInventories" xlink:to="reference_AssetsInventories" xlink:title="reference: AssetsInventories to reference_AssetsInventories"/>
    <loc xlink:type="locator" xlink:href="us-cafr_core.xsd#us-cafr_AssetsPropertyHeldForResale" xlink:label="AssetsPropertyHeldForResale" xlink:title="AssetsPropertyHeldForResale"/>
    <reference xlink:type="resource" xlink:label="reference_AssetsPropertyHeldForResale" xlink:role="http://www.xbrl.org/2003/role/reference" xlink:title="reference_AssetsPropertyHeldForResale" id="reference_AssetsPropertyHeldForResale">
      <ref:Publisher>Governmental Accounting Standards Board (GASB)</ref:Publisher>
      <ref:Name>Basic Financial Statements and Managements Discussion and Analysis for State and Local
Governments</ref:Name>
      <ref:Paragraph>GASB statement number 34</ref:Paragraph>
    </reference>
    <referenceArc xlink:type="arc" xlink:arcrole="http://www.xbrl.org/2003/arcrole/concept-reference" xlink:from="AssetsPropertyHeldForResale" xlink:to="reference_AssetsPropertyHeldForResale" xlink:title="reference: AssetsPropertyHeldForResale to reference_AssetsPropertyHeldForResale"/>
    <loc xlink:type="locator" xlink:href="us-cafr_core.xsd#us-cafr_PrepaidExpensesAndDeposits" xlink:label="PrepaidExpensesAndDeposits" xlink:title="PrepaidExpensesAndDeposits"/>
    <reference xlink:type="resource" xlink:label="reference_PrepaidExpensesAndDeposits" xlink:role="http://www.xbrl.org/2003/role/reference" xlink:title="reference_PrepaidExpensesAndDeposits" id="reference_PrepaidExpensesAndDeposits">
      <ref:Publisher>Governmental Accounting Standards Board (GASB)</ref:Publisher>
      <ref:Name>Basic Financial Statements and Managements Discussion and Analysis for State and Local
Governments</ref:Name>
      <ref:Paragraph>GASB statement number 34</ref:Paragraph>
    </reference>
    <referenceArc xlink:type="arc" xlink:arcrole="http://www.xbrl.org/2003/arcrole/concept-reference" xlink:from="PrepaidExpensesAndDeposits" xlink:to="reference_PrepaidExpensesAndDeposits" xlink:title="reference: PrepaidExpensesAndDeposits to reference_PrepaidExpensesAndDeposits"/>
    <loc xlink:type="locator" xlink:href="us-cafr_core.xsd#us-cafr_AssetsContractReceivableFromOtherGovernmentalAgency" xlink:label="AssetsContractReceivableFromOtherGovernmentalAgency" xlink:title="AssetsContractReceivableFromOtherGovernmentalAgency"/>
    <reference xlink:type="resource" xlink:label="reference_AssetsContractReceivableFromOtherGovernmentalAgency" xlink:role="http://www.xbrl.org/2003/role/reference" xlink:title="reference_AssetsContractReceivableFromOtherGovernmentalAgency" id="reference_AssetsContractReceivableFromOtherGovernmentalAgency">
      <ref:Publisher>Governmental Accounting Standards Board (GASB)</ref:Publisher>
      <ref:Name>Basic Financial Statements and Managements Discussion and Analysis for State and Local
Governments</ref:Name>
      <ref:Paragraph>GASB statement number 34</ref:Paragraph>
    </reference>
    <referenceArc xlink:type="arc" xlink:arcrole="http://www.xbrl.org/2003/arcrole/concept-reference" xlink:from="AssetsContractReceivableFromOtherGovernmentalAgency" xlink:to="reference_AssetsContractReceivableFromOtherGovernmentalAgency" xlink:title="reference: AssetsContractReceivableFromOtherGovernmentalAgency to reference_AssetsContractReceivableFromOtherGovernmentalAgency"/>
    <loc xlink:type="locator" xlink:href="us-cafr_core.xsd#us-cafr_SecuritiesLendingCollateral" xlink:label="SecuritiesLendingCollateral" xlink:title="SecuritiesLendingCollateral"/>
    <reference xlink:type="resource" xlink:label="reference_SecuritiesLendingCollateral" xlink:role="http://www.xbrl.org/2003/role/reference" xlink:title="reference_SecuritiesLendingCollateral" id="reference_SecuritiesLendingCollateral">
      <ref:Publisher>Governmental Accounting Standards Board (GASB)</ref:Publisher>
      <ref:Name>Basic Financial Statements and Managements Discussion and Analysis for State and Local
Governments</ref:Name>
      <ref:Paragraph>GASB statement number 34</ref:Paragraph>
    </reference>
    <referenceArc xlink:type="arc" xlink:arcrole="http://www.xbrl.org/2003/arcrole/concept-reference" xlink:from="SecuritiesLendingCollateral" xlink:to="reference_SecuritiesLendingCollateral" xlink:title="reference: SecuritiesLendingCollateral to reference_SecuritiesLendingCollateral"/>
    <loc xlink:type="locator" xlink:href="us-cafr_core.xsd#us-cafr_AssetsOther" xlink:label="AssetsOther" xlink:title="AssetsOther"/>
    <reference xlink:type="resource" xlink:label="reference_AssetsOther" xlink:role="http://www.xbrl.org/2003/role/reference" xlink:title="reference_AssetsOther" id="reference_AssetsOther">
      <ref:Publisher>Governmental Accounting Standards Board (GASB)</ref:Publisher>
      <ref:Name>Basic Financial Statements and Managements Discussion and Analysis for State and Local
Governments</ref:Name>
      <ref:Paragraph>GASB statement number 34</ref:Paragraph>
    </reference>
    <referenceArc xlink:type="arc" xlink:arcrole="http://www.xbrl.org/2003/arcrole/concept-reference" xlink:from="AssetsOther" xlink:to="reference_AssetsOther" xlink:title="reference: AssetsOther to reference_AssetsOther"/>
    <loc xlink:type="locator" xlink:href="us-cafr_core.xsd#us-cafr_PensionAsset" xlink:label="PensionAsset" xlink:title="PensionAsset"/>
    <reference xlink:type="resource" xlink:label="reference_PensionAsset" xlink:role="http://www.xbrl.org/2003/role/reference" xlink:title="reference_PensionAsset" id="reference_PensionAsset">
      <ref:Publisher>Governmental Accounting Standards Board (GASB)</ref:Publisher>
      <ref:Name>Basic Financial Statements and Managements Discussion and Analysis for State and Local
Governments</ref:Name>
      <ref:Paragraph>GASB statement number 34</ref:Paragraph>
    </reference>
    <referenceArc xlink:type="arc" xlink:arcrole="http://www.xbrl.org/2003/arcrole/concept-reference" xlink:from="PensionAsset" xlink:to="reference_PensionAsset" xlink:title="reference: PensionAsset to reference_PensionAsset"/>
    <loc xlink:type="locator" xlink:href="us-cafr_core.xsd#us-cafr_CapitalAssetsNotDepreciable" xlink:label="CapitalAssetsNotDepreciable" xlink:title="CapitalAssetsNotDepreciable"/>
    <reference xlink:type="resource" xlink:label="reference_CapitalAssetsNotDepreciable" xlink:role="http://www.xbrl.org/2003/role/reference" xlink:title="reference_CapitalAssetsNotDepreciable" id="reference_CapitalAssetsNotDepreciable">
      <ref:Publisher>Governmental Accounting Standards Board (GASB)</ref:Publisher>
      <ref:Name>Basic Financial Statements and Managements Discussion and Analysis for State and Local
Governments</ref:Name>
      <ref:Paragraph>GASB statement number 34</ref:Paragraph>
    </reference>
    <referenceArc xlink:type="arc" xlink:arcrole="http://www.xbrl.org/2003/arcrole/concept-reference" xlink:from="CapitalAssetsNotDepreciable" xlink:to="reference_CapitalAssetsNotDepreciable" xlink:title="reference: CapitalAssetsNotDepreciable to reference_CapitalAssetsNotDepreciable"/>
    <loc xlink:type="locator" xlink:href="us-cafr_core.xsd#us-cafr_CapitalAssetsNotDepreciableOthers" xlink:label="CapitalAssetsNotDepreciableOthers" xlink:title="CapitalAssetsNotDepreciableOthers"/>
    <reference xlink:type="resource" xlink:label="reference_CapitalAssetsNotDepreciableOthers" xlink:role="http://www.xbrl.org/2003/role/reference" xlink:title="reference_CapitalAssetsNotDepreciableOthers" id="reference_CapitalAssetsNotDepreciableOthers">
      <ref:Publisher>Governmental Accounting Standards Board (GASB)</ref:Publisher>
      <ref:Name>Basic Financial Statements and Managements Discussion and Analysis for State and Local
Governments</ref:Name>
      <ref:Paragraph>GASB statement number 34</ref:Paragraph>
    </reference>
    <referenceArc xlink:type="arc" xlink:arcrole="http://www.xbrl.org/2003/arcrole/concept-reference" xlink:from="CapitalAssetsNotDepreciableOthers" xlink:to="reference_CapitalAssetsNotDepreciableOthers" xlink:title="reference: CapitalAssetsNotDepreciableOthers to reference_CapitalAssetsNotDepreciableOthers"/>
    <loc xlink:type="locator" xlink:href="us-cafr_core.xsd#us-cafr_CapitalAssetsDepreciable" xlink:label="CapitalAssetsDepreciable" xlink:title="CapitalAssetsDepreciable"/>
    <reference xlink:type="resource" xlink:label="reference_CapitalAssetsDepreciable" xlink:role="http://www.xbrl.org/2003/role/reference" xlink:title="reference_CapitalAssetsDepreciable" id="reference_CapitalAssetsDepreciable">
      <ref:Publisher>Governmental Accounting Standards Board (GASB)</ref:Publisher>
      <ref:Name>Basic Financial Statements and Managements Discussion and Analysis for State and Local
Governments</ref:Name>
      <ref:Paragraph>GASB statement number 34</ref:Paragraph>
    </reference>
    <referenceArc xlink:type="arc" xlink:arcrole="http://www.xbrl.org/2003/arcrole/concept-reference" xlink:from="CapitalAssetsDepreciable" xlink:to="reference_CapitalAssetsDepreciable" xlink:title="reference: CapitalAssetsDepreciable to reference_CapitalAssetsDepreciable"/>
    <loc xlink:type="locator" xlink:href="us-cafr_core.xsd#us-cafr_CapitalAssetsDepreciableOthers" xlink:label="CapitalAssetsDepreciableOthers" xlink:title="CapitalAssetsDepreciableOthers"/>
    <reference xlink:type="resource" xlink:label="reference_CapitalAssetsDepreciableOthers" xlink:role="http://www.xbrl.org/2003/role/reference" xlink:title="reference_CapitalAssetsDepreciableOthers" id="reference_CapitalAssetsDepreciableOthers">
      <ref:Publisher>Governmental Accounting Standards Board (GASB)</ref:Publisher>
      <ref:Name>Basic Financial Statements and Managements Discussion and Analysis for State and Local
Governments</ref:Name>
      <ref:Paragraph>GASB statement number 34</ref:Paragraph>
    </reference>
    <referenceArc xlink:type="arc" xlink:arcrole="http://www.xbrl.org/2003/arcrole/concept-reference" xlink:from="CapitalAssetsDepreciableOthers" xlink:to="reference_CapitalAssetsDepreciableOthers" xlink:title="reference: CapitalAssetsDepreciableOthers to reference_CapitalAssetsDepreciableOthers"/>
    <loc xlink:type="locator" xlink:href="us-cafr_core.xsd#us-cafr_Land" xlink:label="Land" xlink:title="Land"/>
    <reference xlink:type="resource" xlink:label="reference_Land" xlink:role="http://www.xbrl.org/2003/role/reference" xlink:title="reference_Land" id="reference_Land">
      <ref:Publisher>Governmental Accounting Standards Board (GASB)</ref:Publisher>
      <ref:Name>Basic Financial Statements and Managements Discussion and Analysis for State and Local
Governments</ref:Name>
      <ref:Paragraph>GASB statement number 34</ref:Paragraph>
    </reference>
    <referenceArc xlink:type="arc" xlink:arcrole="http://www.xbrl.org/2003/arcrole/concept-reference" xlink:from="Land" xlink:to="reference_Land" xlink:title="reference: Land to reference_Land"/>
    <loc xlink:type="locator" xlink:href="us-cafr_core.xsd#us-cafr_ConstructionInProgress" xlink:label="ConstructionInProgress" xlink:title="ConstructionInProgress"/>
    <reference xlink:type="resource" xlink:label="reference_ConstructionInProgress" xlink:role="http://www.xbrl.org/2003/role/reference" xlink:title="reference_ConstructionInProgress" id="reference_ConstructionInProgress">
      <ref:Publisher>Governmental Accounting Standards Board (GASB)</ref:Publisher>
      <ref:Name>Basic Financial Statements and Managements Discussion and Analysis for State and Local
Governments</ref:Name>
      <ref:Paragraph>GASB statement number 34</ref:Paragraph>
    </reference>
    <referenceArc xlink:type="arc" xlink:arcrole="http://www.xbrl.org/2003/arcrole/concept-reference" xlink:from="ConstructionInProgress" xlink:to="reference_ConstructionInProgress" xlink:title="reference: ConstructionInProgress to reference_ConstructionInProgress"/>
    <loc xlink:type="locator" xlink:href="us-cafr_core.xsd#us-cafr_BuildingsAndSystems" xlink:label="BuildingsAndSystems" xlink:title="BuildingsAndSystems"/>
    <reference xlink:type="resource" xlink:label="reference_BuildingsAndSystems" xlink:role="http://www.xbrl.org/2003/role/reference" xlink:title="reference_BuildingsAndSystems" id="reference_BuildingsAndSystems">
      <ref:Publisher>Governmental Accounting Standards Board (GASB)</ref:Publisher>
      <ref:Name>Basic Financial Statements and Managements Discussion and Analysis for State and Local
Governments</ref:Name>
      <ref:Paragraph>GASB statement number 34</ref:Paragraph>
    </reference>
    <referenceArc xlink:type="arc" xlink:arcrole="http://www.xbrl.org/2003/arcrole/concept-reference" xlink:from="BuildingsAndSystems" xlink:to="reference_BuildingsAndSystems" xlink:title="reference: BuildingsAndSystems to reference_BuildingsAndSystems"/>
    <loc xlink:type="locator" xlink:href="us-cafr_core.xsd#us-cafr_ImprovementsOtherThanBuildings" xlink:label="ImprovementsOtherThanBuildings" xlink:title="ImprovementsOtherThanBuildings"/>
    <reference xlink:type="resource" xlink:label="reference_ImprovementsOtherThanBuildings" xlink:role="http://www.xbrl.org/2003/role/reference" xlink:title="reference_ImprovementsOtherThanBuildings" id="reference_ImprovementsOtherThanBuildings">
      <ref:Publisher>Governmental Accounting Standards Board (GASB)</ref:Publisher>
      <ref:Name>Basic Financial Statements and Managements Discussion and Analysis for State and Local
Governments</ref:Name>
      <ref:Paragraph>GASB statement number 34</ref:Paragraph>
    </reference>
    <referenceArc xlink:type="arc" xlink:arcrole="http://www.xbrl.org/2003/arcrole/concept-reference" xlink:from="ImprovementsOtherThanBuildings" xlink:to="reference_ImprovementsOtherThanBuildings" xlink:title="reference: ImprovementsOtherThanBuildings to reference_ImprovementsOtherThanBuildings"/>
    <loc xlink:type="locator" xlink:href="us-cafr_core.xsd#us-cafr_MachineryAndEquipment" xlink:label="MachineryAndEquipment" xlink:title="MachineryAndEquipment"/>
    <reference xlink:type="resource" xlink:label="reference_MachineryAndEquipment" xlink:role="http://www.xbrl.org/2003/role/reference" xlink:title="reference_MachineryAndEquipment" id="reference_MachineryAndEquipment">
      <ref:Publisher>Governmental Accounting Standards Board (GASB)</ref:Publisher>
      <ref:Name>Basic Financial Statements and Managements Discussion and Analysis for State and Local
Governments</ref:Name>
      <ref:Paragraph>GASB statement number 34</ref:Paragraph>
    </reference>
    <referenceArc xlink:type="arc" xlink:arcrole="http://www.xbrl.org/2003/arcrole/concept-reference" xlink:from="MachineryAndEquipment" xlink:to="reference_MachineryAndEquipment" xlink:title="reference: MachineryAndEquipment to reference_MachineryAndEquipment"/>
    <loc xlink:type="locator" xlink:href="us-cafr_core.xsd#us-cafr_UtilitySystems" xlink:label="UtilitySystems" xlink:title="UtilitySystems"/>
    <reference xlink:type="resource" xlink:label="reference_UtilitySystems" xlink:role="http://www.xbrl.org/2003/role/reference" xlink:title="reference_UtilitySystems" id="reference_UtilitySystems">
      <ref:Publisher>Governmental Accounting Standards Board (GASB)</ref:Publisher>
      <ref:Name>Basic Financial Statements and Managements Discussion and Analysis for State and Local
Governments</ref:Name>
      <ref:Paragraph>GASB statement number 34</ref:Paragraph>
    </reference>
    <referenceArc xlink:type="arc" xlink:arcrole="http://www.xbrl.org/2003/arcrole/concept-reference" xlink:from="UtilitySystems" xlink:to="reference_UtilitySystems" xlink:title="reference: UtilitySystems to reference_UtilitySystems"/>
    <loc xlink:type="locator" xlink:href="us-cafr_core.xsd#us-cafr_Assets" xlink:label="Assets" xlink:title="Assets"/>
    <reference xlink:type="resource" xlink:label="reference_Assets" xlink:role="http://www.xbrl.org/2003/role/reference" xlink:title="reference_Assets" id="reference_Assets">
      <ref:Publisher>Governmental Accounting Standards Board (GASB)</ref:Publisher>
      <ref:Name>Basic Financial Statements and Managements Discussion and Analysis for State and Local
Governments</ref:Name>
      <ref:Paragraph>GASB statement number 34</ref:Paragraph>
    </reference>
    <referenceArc xlink:type="arc" xlink:arcrole="http://www.xbrl.org/2003/arcrole/concept-reference" xlink:from="Assets" xlink:to="reference_Assets" xlink:title="reference: Assets to reference_Assets"/>
    <loc xlink:type="locator" xlink:href="us-cafr_core.xsd#us-cafr_DeferredAmountOnDebtRefunding" xlink:label="DeferredAmountOnDebtRefunding" xlink:title="DeferredAmountOnDebtRefunding"/>
    <reference xlink:type="resource" xlink:label="reference_DeferredAmountOnDebtRefunding" xlink:role="http://www.xbrl.org/2003/role/reference" xlink:title="reference_DeferredAmountOnDebtRefunding" id="reference_DeferredAmountOnDebtRefunding">
      <ref:Publisher>Governmental Accounting Standards Board (GASB)</ref:Publisher>
      <ref:Name>Basic Financial Statements and Managements Discussion and Analysis for State and Local
Governments</ref:Name>
      <ref:Paragraph>GASB statement number 34</ref:Paragraph>
    </reference>
    <referenceArc xlink:type="arc" xlink:arcrole="http://www.xbrl.org/2003/arcrole/concept-reference" xlink:from="DeferredAmountOnDebtRefunding" xlink:to="reference_DeferredAmountOnDebtRefunding" xlink:title="reference: DeferredAmountOnDebtRefunding to reference_DeferredAmountOnDebtRefunding"/>
    <loc xlink:type="locator" xlink:href="us-cafr_core.xsd#us-cafr_DeferredOutflowOfPensionResources" xlink:label="DeferredOutflowOfPensionResources" xlink:title="DeferredOutflowOfPensionResources"/>
    <reference xlink:type="resource" xlink:label="reference_DeferredOutflowOfPensionResources" xlink:role="http://www.xbrl.org/2003/role/reference" xlink:title="reference_DeferredOutflowOfPensionResources" id="reference_DeferredOutflowOfPensionResources">
      <ref:Publisher>Governmental Accounting Standards Board (GASB)</ref:Publisher>
      <ref:Name>Basic Financial Statements and Managements Discussion and Analysis for State and Local
Governments</ref:Name>
      <ref:Paragraph>GASB statement number 34</ref:Paragraph>
    </reference>
    <referenceArc xlink:type="arc" xlink:arcrole="http://www.xbrl.org/2003/arcrole/concept-reference" xlink:from="DeferredOutflowOfPensionResources" xlink:to="reference_DeferredOutflowOfPensionResources" xlink:title="reference: DeferredOutflowOfPensionResources to reference_DeferredOutflowOfPensionResources"/>
    <loc xlink:type="locator" xlink:href="us-cafr_core.xsd#us-cafr_DeferredOutflowOfResourcesOthers" xlink:label="DeferredOutflowOfResourcesOthers" xlink:title="DeferredOutflowOfResourcesOthers"/>
    <reference xlink:type="resource" xlink:label="reference_DeferredOutflowOfResourcesOthers" xlink:role="http://www.xbrl.org/2003/role/reference" xlink:title="reference_DeferredOutflowOfResourcesOthers" id="reference_DeferredOutflowOfResourcesOthers">
      <ref:Publisher>Governmental Accounting Standards Board (GASB)</ref:Publisher>
      <ref:Name>Basic Financial Statements and Managements Discussion and Analysis for State and Local
Governments</ref:Name>
      <ref:Paragraph>GASB statement number 34</ref:Paragraph>
    </reference>
    <referenceArc xlink:type="arc" xlink:arcrole="http://www.xbrl.org/2003/arcrole/concept-reference" xlink:from="DeferredOutflowOfResourcesOthers" xlink:to="reference_DeferredOutflowOfResourcesOthers" xlink:title="reference: DeferredOutflowOfResourcesOthers to reference_DeferredOutflowOfResourcesOthers"/>
    <loc xlink:type="locator" xlink:href="us-cafr_core.xsd#us-cafr_DeferredOutflowsOfResources" xlink:label="DeferredOutflowsOfResources" xlink:title="DeferredOutflowsOfResources"/>
    <reference xlink:type="resource" xlink:label="reference_DeferredOutflowsOfResources" xlink:role="http://www.xbrl.org/2003/role/reference" xlink:title="reference_DeferredOutflowsOfResources" id="reference_DeferredOutflowsOfResources">
      <ref:Publisher>Governmental Accounting Standards Board (GASB)</ref:Publisher>
      <ref:Name>Basic Financial Statements and Managements Discussion and Analysis for State and Local
Governments</ref:Name>
      <ref:Paragraph>GASB statement number 34</ref:Paragraph>
    </reference>
    <referenceArc xlink:type="arc" xlink:arcrole="http://www.xbrl.org/2003/arcrole/concept-reference" xlink:from="DeferredOutflowsOfResources" xlink:to="reference_DeferredOutflowsOfResources" xlink:title="reference: DeferredOutflowsOfResources to reference_DeferredOutflowsOfResources"/>
    <loc xlink:type="locator" xlink:href="us-cafr_core.xsd#us-cafr_AccountsPayable" xlink:label="AccountsPayable" xlink:title="AccountsPayable"/>
    <reference xlink:type="resource" xlink:label="reference_AccountsPayable" xlink:role="http://www.xbrl.org/2003/role/reference" xlink:title="reference_AccountsPayable" id="reference_AccountsPayable">
      <ref:Publisher>Governmental Accounting Standards Board (GASB)</ref:Publisher>
      <ref:Name>Basic Financial Statements and Managements Discussion and Analysis for State and Local
Governments</ref:Name>
      <ref:Paragraph>GASB statement number 34</ref:Paragraph>
    </reference>
    <referenceArc xlink:type="arc" xlink:arcrole="http://www.xbrl.org/2003/arcrole/concept-reference" xlink:from="AccountsPayable" xlink:to="reference_AccountsPayable" xlink:title="reference: AccountsPayable to reference_AccountsPayable"/>
    <loc xlink:type="locator" xlink:href="us-cafr_core.xsd#us-cafr_AccruedInterestPayable" xlink:label="AccruedInterestPayable" xlink:title="AccruedInterestPayable"/>
    <reference xlink:type="resource" xlink:label="reference_AccruedInterestPayable" xlink:role="http://www.xbrl.org/2003/role/reference" xlink:title="reference_AccruedInterestPayable" id="reference_AccruedInterestPayable">
      <ref:Publisher>Governmental Accounting Standards Board (GASB)</ref:Publisher>
      <ref:Name>Basic Financial Statements and Managements Discussion and Analysis for State and Local
Governments</ref:Name>
      <ref:Paragraph>GASB statement number 34</ref:Paragraph>
    </reference>
    <referenceArc xlink:type="arc" xlink:arcrole="http://www.xbrl.org/2003/arcrole/concept-reference" xlink:from="AccruedInterestPayable" xlink:to="reference_AccruedInterestPayable" xlink:title="reference: AccruedInterestPayable to reference_AccruedInterestPayable"/>
    <loc xlink:type="locator" xlink:href="us-cafr_core.xsd#us-cafr_DueToOtherGovernmentalAgencies" xlink:label="DueToOtherGovernmentalAgencies" xlink:title="DueToOtherGovernmentalAgencies"/>
    <reference xlink:type="resource" xlink:label="reference_DueToOtherGovernmentalAgencies" xlink:role="http://www.xbrl.org/2003/role/reference" xlink:title="reference_DueToOtherGovernmentalAgencies" id="reference_DueToOtherGovernmentalAgencies">
      <ref:Publisher>Governmental Accounting Standards Board (GASB)</ref:Publisher>
      <ref:Name>Basic Financial Statements and Managements Discussion and Analysis for State and Local
Governments</ref:Name>
      <ref:Paragraph>GASB statement number 34</ref:Paragraph>
    </reference>
    <referenceArc xlink:type="arc" xlink:arcrole="http://www.xbrl.org/2003/arcrole/concept-reference" xlink:from="DueToOtherGovernmentalAgencies" xlink:to="reference_DueToOtherGovernmentalAgencies" xlink:title="reference: DueToOtherGovernmentalAgencies to reference_DueToOtherGovernmentalAgencies"/>
    <loc xlink:type="locator" xlink:href="us-cafr_core.xsd#us-cafr_LiabilitiesUnearnedRevenue" xlink:label="LiabilitiesUnearnedRevenue" xlink:title="LiabilitiesUnearnedRevenue"/>
    <reference xlink:type="resource" xlink:label="reference_LiabilitiesUnearnedRevenue" xlink:role="http://www.xbrl.org/2003/role/reference" xlink:title="reference_LiabilitiesUnearnedRevenue" id="reference_LiabilitiesUnearnedRevenue">
      <ref:Publisher>Governmental Accounting Standards Board (GASB)</ref:Publisher>
      <ref:Name>Basic Financial Statements and Managements Discussion and Analysis for State and Local
Governments</ref:Name>
      <ref:Paragraph>GASB statement number 34</ref:Paragraph>
    </reference>
    <referenceArc xlink:type="arc" xlink:arcrole="http://www.xbrl.org/2003/arcrole/concept-reference" xlink:from="LiabilitiesUnearnedRevenue" xlink:to="reference_LiabilitiesUnearnedRevenue" xlink:title="reference: LiabilitiesUnearnedRevenue to reference_LiabilitiesUnearnedRevenue"/>
    <loc xlink:type="locator" xlink:href="us-cafr_core.xsd#us-cafr_SecuritiesLendingObligations" xlink:label="SecuritiesLendingObligations" xlink:title="SecuritiesLendingObligations"/>
    <reference xlink:type="resource" xlink:label="reference_SecuritiesLendingObligations" xlink:role="http://www.xbrl.org/2003/role/reference" xlink:title="reference_SecuritiesLendingObligations" id="reference_SecuritiesLendingObligations">
      <ref:Publisher>Governmental Accounting Standards Board (GASB)</ref:Publisher>
      <ref:Name>Basic Financial Statements and Managements Discussion and Analysis for State and Local
Governments</ref:Name>
      <ref:Paragraph>GASB statement number 34</ref:Paragraph>
    </reference>
    <referenceArc xlink:type="arc" xlink:arcrole="http://www.xbrl.org/2003/arcrole/concept-reference" xlink:from="SecuritiesLendingObligations" xlink:to="reference_SecuritiesLendingObligations" xlink:title="reference: SecuritiesLendingObligations to reference_SecuritiesLendingObligations"/>
    <loc xlink:type="locator" xlink:href="us-cafr_core.xsd#us-cafr_LiabilitiesDeposits" xlink:label="LiabilitiesDeposits" xlink:title="LiabilitiesDeposits"/>
    <reference xlink:type="resource" xlink:label="reference_LiabilitiesDeposits" xlink:role="http://www.xbrl.org/2003/role/reference" xlink:title="reference_LiabilitiesDeposits" id="reference_LiabilitiesDeposits">
      <ref:Publisher>Governmental Accounting Standards Board (GASB)</ref:Publisher>
      <ref:Name>Basic Financial Statements and Managements Discussion and Analysis for State and Local
Governments</ref:Name>
      <ref:Paragraph>GASB statement number 34</ref:Paragraph>
    </reference>
    <referenceArc xlink:type="arc" xlink:arcrole="http://www.xbrl.org/2003/arcrole/concept-reference" xlink:from="LiabilitiesDeposits" xlink:to="reference_LiabilitiesDeposits" xlink:title="reference: LiabilitiesDeposits to reference_LiabilitiesDeposits"/>
    <loc xlink:type="locator" xlink:href="us-cafr_core.xsd#us-cafr_LiabilitiesOthers" xlink:label="LiabilitiesOthers" xlink:title="LiabilitiesOthers"/>
    <reference xlink:type="resource" xlink:label="reference_LiabilitiesOthers" xlink:role="http://www.xbrl.org/2003/role/reference" xlink:title="reference_LiabilitiesOthers" id="reference_LiabilitiesOthers">
      <ref:Publisher>Governmental Accounting Standards Board (GASB)</ref:Publisher>
      <ref:Name>Basic Financial Statements and Managements Discussion and Analysis for State and Local
Governments</ref:Name>
      <ref:Paragraph>GASB statement number 34</ref:Paragraph>
    </reference>
    <referenceArc xlink:type="arc" xlink:arcrole="http://www.xbrl.org/2003/arcrole/concept-reference" xlink:from="LiabilitiesOthers" xlink:to="reference_LiabilitiesOthers" xlink:title="reference: LiabilitiesOthers to reference_LiabilitiesOthers"/>
    <loc xlink:type="locator" xlink:href="us-cafr_core.xsd#us-cafr_NonCurrentLiabilities" xlink:label="NonCurrentLiabilities" xlink:title="NonCurrentLiabilities"/>
    <reference xlink:type="resource" xlink:label="reference_NonCurrentLiabilities" xlink:role="http://www.xbrl.org/2003/role/reference" xlink:title="reference_NonCurrentLiabilities" id="reference_NonCurrentLiabilities">
      <ref:Publisher>Governmental Accounting Standards Board (GASB)</ref:Publisher>
      <ref:Name>Basic Financial Statements and Managements Discussion and Analysis for State and Local
Governments</ref:Name>
      <ref:Paragraph>GASB statement number 34</ref:Paragraph>
    </reference>
    <referenceArc xlink:type="arc" xlink:arcrole="http://www.xbrl.org/2003/arcrole/concept-reference" xlink:from="NonCurrentLiabilities" xlink:to="reference_NonCurrentLiabilities" xlink:title="reference: NonCurrentLiabilities to reference_NonCurrentLiabilities"/>
    <loc xlink:type="locator" xlink:href="us-cafr_core.xsd#us-cafr_EnvironmentalRemediationLiability" xlink:label="EnvironmentalRemediationLiability" xlink:title="EnvironmentalRemediationLiability"/>
    <reference xlink:type="resource" xlink:label="reference_EnvironmentalRemediationLiability" xlink:role="http://www.xbrl.org/2003/role/reference" xlink:title="reference_EnvironmentalRemediationLiability" id="reference_EnvironmentalRemediationLiability">
      <ref:Publisher>Governmental Accounting Standards Board (GASB)</ref:Publisher>
      <ref:Name>Basic Financial Statements and Managements Discussion and Analysis for State and Local
Governments</ref:Name>
      <ref:Paragraph>GASB statement number 34</ref:Paragraph>
    </reference>
    <referenceArc xlink:type="arc" xlink:arcrole="http://www.xbrl.org/2003/arcrole/concept-reference" xlink:from="EnvironmentalRemediationLiability" xlink:to="reference_EnvironmentalRemediationLiability" xlink:title="reference: EnvironmentalRemediationLiability to reference_EnvironmentalRemediationLiability"/>
    <loc xlink:type="locator" xlink:href="us-cafr_core.xsd#us-cafr_CompensatedAbsencesLiability" xlink:label="CompensatedAbsencesLiability" xlink:title="CompensatedAbsencesLiability"/>
    <reference xlink:type="resource" xlink:label="reference_CompensatedAbsencesLiability" xlink:role="http://www.xbrl.org/2003/role/reference" xlink:title="reference_CompensatedAbsencesLiability" id="reference_CompensatedAbsencesLiability">
      <ref:Publisher>Governmental Accounting Standards Board (GASB)</ref:Publisher>
      <ref:Name>Basic Financial Statements and Managements Discussion and Analysis for State and Local
Governments</ref:Name>
      <ref:Paragraph>GASB statement number 34</ref:Paragraph>
    </reference>
    <referenceArc xlink:type="arc" xlink:arcrole="http://www.xbrl.org/2003/arcrole/concept-reference" xlink:from="CompensatedAbsencesLiability" xlink:to="reference_CompensatedAbsencesLiability" xlink:title="reference: CompensatedAbsencesLiability to reference_CompensatedAbsencesLiability"/>
    <loc xlink:type="locator" xlink:href="us-cafr_core.xsd#us-cafr_LoansLeasesPayable" xlink:label="LoansLeasesPayable" xlink:title="LoansLeasesPayable"/>
    <reference xlink:type="resource" xlink:label="reference_LoansLeasesPayable" xlink:role="http://www.xbrl.org/2003/role/reference" xlink:title="reference_LoansLeasesPayable" id="reference_LoansLeasesPayable">
      <ref:Publisher>Governmental Accounting Standards Board (GASB)</ref:Publisher>
      <ref:Name>Basic Financial Statements and Managements Discussion and Analysis for State and Local
Governments</ref:Name>
      <ref:Paragraph>GASB statement number 34</ref:Paragraph>
    </reference>
    <referenceArc xlink:type="arc" xlink:arcrole="http://www.xbrl.org/2003/arcrole/concept-reference" xlink:from="LoansLeasesPayable" xlink:to="reference_LoansLeasesPayable" xlink:title="reference: LoansLeasesPayable to reference_LoansLeasesPayable"/>
    <loc xlink:type="locator" xlink:href="us-cafr_core.xsd#us-cafr_BondsPayable" xlink:label="BondsPayable" xlink:title="BondsPayable"/>
    <reference xlink:type="resource" xlink:label="reference_BondsPayable" xlink:role="http://www.xbrl.org/2003/role/reference" xlink:title="reference_BondsPayable" id="reference_BondsPayable">
      <ref:Publisher>Governmental Accounting Standards Board (GASB)</ref:Publisher>
      <ref:Name>Basic Financial Statements and Managements Discussion and Analysis for State and Local
Governments</ref:Name>
      <ref:Paragraph>GASB statement number 34</ref:Paragraph>
    </reference>
    <referenceArc xlink:type="arc" xlink:arcrole="http://www.xbrl.org/2003/arcrole/concept-reference" xlink:from="BondsPayable" xlink:to="reference_BondsPayable" xlink:title="reference: BondsPayable to reference_BondsPayable"/>
    <loc xlink:type="locator" xlink:href="us-cafr_core.xsd#us-cafr_ClaimsLiabilities" xlink:label="ClaimsLiabilities" xlink:title="ClaimsLiabilities"/>
    <reference xlink:type="resource" xlink:label="reference_ClaimsLiabilities" xlink:role="http://www.xbrl.org/2003/role/reference" xlink:title="reference_ClaimsLiabilities" id="reference_ClaimsLiabilities">
      <ref:Publisher>Governmental Accounting Standards Board (GASB)</ref:Publisher>
      <ref:Name>Basic Financial Statements and Managements Discussion and Analysis for State and Local
Governments</ref:Name>
      <ref:Paragraph>GASB statement number 34</ref:Paragraph>
    </reference>
    <referenceArc xlink:type="arc" xlink:arcrole="http://www.xbrl.org/2003/arcrole/concept-reference" xlink:from="ClaimsLiabilities" xlink:to="reference_ClaimsLiabilities" xlink:title="reference: ClaimsLiabilities to reference_ClaimsLiabilities"/>
    <loc xlink:type="locator" xlink:href="us-cafr_core.xsd#us-cafr_PensionLiability" xlink:label="PensionLiability" xlink:title="PensionLiability"/>
    <reference xlink:type="resource" xlink:label="reference_PensionLiability" xlink:role="http://www.xbrl.org/2003/role/reference" xlink:title="reference_PensionLiability" id="reference_PensionLiability">
      <ref:Publisher>Governmental Accounting Standards Board (GASB)</ref:Publisher>
      <ref:Name>Basic Financial Statements and Managements Discussion and Analysis for State and Local
Governments</ref:Name>
      <ref:Paragraph>GASB statement number 34</ref:Paragraph>
    </reference>
    <referenceArc xlink:type="arc" xlink:arcrole="http://www.xbrl.org/2003/arcrole/concept-reference" xlink:from="PensionLiability" xlink:to="reference_PensionLiability" xlink:title="reference: PensionLiability to reference_PensionLiability"/>
    <loc xlink:type="locator" xlink:href="us-cafr_core.xsd#us-cafr_OtherThanPensionPostEmploymentBenefitsLiability" xlink:label="OtherThanPensionPostEmploymentBenefitsLiability" xlink:title="OtherThanPensionPostEmploymentBenefitsLiability"/>
    <reference xlink:type="resource" xlink:label="reference_OtherThanPensionPostEmploymentBenefitsLiability" xlink:role="http://www.xbrl.org/2003/role/reference" xlink:title="reference_OtherThanPensionPostEmploymentBenefitsLiability" id="reference_OtherThanPensionPostEmploymentBenefitsLiability">
      <ref:Publisher>Governmental Accounting Standards Board (GASB)</ref:Publisher>
      <ref:Name>Basic Financial Statements and Managements Discussion and Analysis for State and Local
Governments</ref:Name>
      <ref:Paragraph>GASB statement number 34</ref:Paragraph>
    </reference>
    <referenceArc xlink:type="arc" xlink:arcrole="http://www.xbrl.org/2003/arcrole/concept-reference" xlink:from="OtherThanPensionPostEmploymentBenefitsLiability" xlink:to="reference_OtherThanPensionPostEmploymentBenefitsLiability" xlink:title="reference: OtherThanPensionPostEmploymentBenefitsLiability to reference_OtherThanPensionPostEmploymentBenefitsLiability"/>
    <loc xlink:type="locator" xlink:href="us-cafr_core.xsd#us-cafr_Liabilities" xlink:label="Liabilities" xlink:title="Liabilities"/>
    <reference xlink:type="resource" xlink:label="reference_Liabilities" xlink:role="http://www.xbrl.org/2003/role/reference" xlink:title="reference_Liabilities" id="reference_Liabilities">
      <ref:Publisher>Governmental Accounting Standards Board (GASB)</ref:Publisher>
      <ref:Name>Basic Financial Statements and Managements Discussion and Analysis for State and Local
Governments</ref:Name>
      <ref:Paragraph>GASB statement number 34</ref:Paragraph>
    </reference>
    <referenceArc xlink:type="arc" xlink:arcrole="http://www.xbrl.org/2003/arcrole/concept-reference" xlink:from="Liabilities" xlink:to="reference_Liabilities" xlink:title="reference: Liabilities to reference_Liabilities"/>
    <loc xlink:type="locator" xlink:href="us-cafr_core.xsd#us-cafr_DeferredInflowsRetirementFundResources" xlink:label="DeferredInflowsRetirementFundResources" xlink:title="DeferredInflowsRetirementFundResources"/>
    <reference xlink:type="resource" xlink:label="reference_DeferredInflowsRetirementFundResources" xlink:role="http://www.xbrl.org/2003/role/reference" xlink:title="reference_DeferredInflowsRetirementFundResources" id="reference_DeferredInflowsRetirementFundResources">
      <ref:Publisher>Governmental Accounting Standards Board (GASB)</ref:Publisher>
      <ref:Name>Basic Financial Statements and Managements Discussion and Analysis for State and Local
Governments</ref:Name>
      <ref:Paragraph>GASB statement number 34</ref:Paragraph>
    </reference>
    <referenceArc xlink:type="arc" xlink:arcrole="http://www.xbrl.org/2003/arcrole/concept-reference" xlink:from="DeferredInflowsRetirementFundResources" xlink:to="reference_DeferredInflowsRetirementFundResources" xlink:title="reference: DeferredInflowsRetirementFundResources to reference_DeferredInflowsRetirementFundResources"/>
    <loc xlink:type="locator" xlink:href="us-cafr_core.xsd#us-cafr_DeferredInflowsOfResourcesOthers" xlink:label="DeferredInflowsOfResourcesOthers" xlink:title="DeferredInflowsOfResourcesOthers"/>
    <reference xlink:type="resource" xlink:label="reference_DeferredInflowsOfResourcesOthers" xlink:role="http://www.xbrl.org/2003/role/reference" xlink:title="reference_DeferredInflowsOfResourcesOthers" id="reference_DeferredInflowsOfResourcesOthers">
      <ref:Publisher>Governmental Accounting Standards Board (GASB)</ref:Publisher>
      <ref:Name>Basic Financial Statements and Managements Discussion and Analysis for State and Local
Governments</ref:Name>
      <ref:Paragraph>GASB statement number 34</ref:Paragraph>
    </reference>
    <referenceArc xlink:type="arc" xlink:arcrole="http://www.xbrl.org/2003/arcrole/concept-reference" xlink:from="DeferredInflowsOfResourcesOthers" xlink:to="reference_DeferredInflowsOfResourcesOthers" xlink:title="reference: DeferredInflowsOfResourcesOthers to reference_DeferredInflowsOfResourcesOthers"/>
    <loc xlink:type="locator" xlink:href="us-cafr_core.xsd#us-cafr_DeferredInflowsOfResources" xlink:label="DeferredInflowsOfResources" xlink:title="DeferredInflowsOfResources"/>
    <reference xlink:type="resource" xlink:label="reference_DeferredInflowsOfResources" xlink:role="http://www.xbrl.org/2003/role/reference" xlink:title="reference_DeferredInflowsOfResources" id="reference_DeferredInflowsOfResources">
      <ref:Publisher>Governmental Accounting Standards Board (GASB)</ref:Publisher>
      <ref:Name>Basic Financial Statements and Managements Discussion and Analysis for State and Local
Governments</ref:Name>
      <ref:Paragraph>GASB statement number 34</ref:Paragraph>
    </reference>
    <referenceArc xlink:type="arc" xlink:arcrole="http://www.xbrl.org/2003/arcrole/concept-reference" xlink:from="DeferredInflowsOfResources" xlink:to="reference_DeferredInflowsOfResources" xlink:title="reference: DeferredInflowsOfResources to reference_DeferredInflowsOfResources"/>
    <loc xlink:type="locator" xlink:href="us-cafr_core.xsd#us-cafr_InvestmentInCapitalAssets" xlink:label="InvestmentInCapitalAssets" xlink:title="InvestmentInCapitalAssets"/>
    <reference xlink:type="resource" xlink:label="reference_InvestmentInCapitalAssets" xlink:role="http://www.xbrl.org/2003/role/reference" xlink:title="reference_InvestmentInCapitalAssets" id="reference_InvestmentInCapitalAssets">
      <ref:Publisher>Governmental Accounting Standards Board (GASB)</ref:Publisher>
      <ref:Name>Basic Financial Statements and Managements Discussion and Analysis for State and Local
Governments</ref:Name>
      <ref:Paragraph>GASB statement number 34</ref:Paragraph>
    </reference>
    <referenceArc xlink:type="arc" xlink:arcrole="http://www.xbrl.org/2003/arcrole/concept-reference" xlink:from="InvestmentInCapitalAssets" xlink:to="reference_InvestmentInCapitalAssets" xlink:title="reference: InvestmentInCapitalAssets to reference_InvestmentInCapitalAssets"/>
    <loc xlink:type="locator" xlink:href="us-cafr_core.xsd#us-cafr_NetPosition" xlink:label="NetPosition" xlink:title="NetPosition"/>
    <reference xlink:type="resource" xlink:label="reference_NetPosition" xlink:role="http://www.xbrl.org/2003/role/reference" xlink:title="reference_NetPosition" id="reference_NetPosition">
      <ref:Publisher>Governmental Accounting Standards Board (GASB)</ref:Publisher>
      <ref:Name>Basic Financial Statements and Managements Discussion and Analysis for State and Local
Governments</ref:Name>
      <ref:Paragraph>GASB statement number 34</ref:Paragraph>
    </reference>
    <referenceArc xlink:type="arc" xlink:arcrole="http://www.xbrl.org/2003/arcrole/concept-reference" xlink:from="NetPosition" xlink:to="reference_NetPosition" xlink:title="reference: NetPosition to reference_NetPosition"/>
    <loc xlink:type="locator" xlink:href="us-cafr_core.xsd#us-cafr_NetPositionOthers" xlink:label="NetPositionOthers" xlink:title="NetPositionOthers"/>
    <reference xlink:type="resource" xlink:label="reference_NetPositionOthers" xlink:role="http://www.xbrl.org/2003/role/reference" xlink:title="reference_NetPositionOthers" id="reference_NetPositionOthers">
      <ref:Publisher>Governmental Accounting Standards Board (GASB)</ref:Publisher>
      <ref:Name>Basic Financial Statements and Managements Discussion and Analysis for State and Local
Governments</ref:Name>
      <ref:Paragraph>GASB statement number 34</ref:Paragraph>
    </reference>
    <referenceArc xlink:type="arc" xlink:arcrole="http://www.xbrl.org/2003/arcrole/concept-reference" xlink:from="NetPositionOthers" xlink:to="reference_NetPositionOthers" xlink:title="reference: NetPositionOthers to reference_NetPositionOthers"/>
    <loc xlink:type="locator" xlink:href="us-cafr_core.xsd#us-cafr_PublicWorksTransportationProjectsNetPosition" xlink:label="PublicWorksTransportationProjectsNetPosition" xlink:title="PublicWorksTransportationProjectsNetPosition"/>
    <reference xlink:type="resource" xlink:label="reference_PublicWorksTransportationProjectsNetPosition" xlink:role="http://www.xbrl.org/2003/role/reference" xlink:title="reference_PublicWorksTransportationProjectsNetPosition" id="reference_PublicWorksTransportationProjectsNetPosition">
      <ref:Publisher>Governmental Accounting Standards Board (GASB)</ref:Publisher>
      <ref:Name>Basic Financial Statements and Managements Discussion and Analysis for State and Local
Governments</ref:Name>
      <ref:Paragraph>GASB statement number 34</ref:Paragraph>
    </reference>
    <referenceArc xlink:type="arc" xlink:arcrole="http://www.xbrl.org/2003/arcrole/concept-reference" xlink:from="PublicWorksTransportationProjectsNetPosition" xlink:to="reference_PublicWorksTransportationProjectsNetPosition" xlink:title="reference: PublicWorksTransportationProjectsNetPosition to reference_PublicWorksTransportationProjectsNetPosition"/>
    <loc xlink:type="locator" xlink:href="us-cafr_core.xsd#us-cafr_PoliceProgramsNetPosition" xlink:label="PoliceProgramsNetPosition" xlink:title="PoliceProgramsNetPosition"/>
    <reference xlink:type="resource" xlink:label="reference_PoliceProgramsNetPosition" xlink:role="http://www.xbrl.org/2003/role/reference" xlink:title="reference_PoliceProgramsNetPosition" id="reference_PoliceProgramsNetPosition">
      <ref:Publisher>Governmental Accounting Standards Board (GASB)</ref:Publisher>
      <ref:Name>Basic Financial Statements and Managements Discussion and Analysis for State and Local
Governments</ref:Name>
      <ref:Paragraph>GASB statement number 34</ref:Paragraph>
    </reference>
    <referenceArc xlink:type="arc" xlink:arcrole="http://www.xbrl.org/2003/arcrole/concept-reference" xlink:from="PoliceProgramsNetPosition" xlink:to="reference_PoliceProgramsNetPosition" xlink:title="reference: PoliceProgramsNetPosition to reference_PoliceProgramsNetPosition"/>
    <loc xlink:type="locator" xlink:href="us-cafr_core.xsd#us-cafr_GrantFundedProgramsNetPosition" xlink:label="GrantFundedProgramsNetPosition" xlink:title="GrantFundedProgramsNetPosition"/>
    <reference xlink:type="resource" xlink:label="reference_GrantFundedProgramsNetPosition" xlink:role="http://www.xbrl.org/2003/role/reference" xlink:title="reference_GrantFundedProgramsNetPosition" id="reference_GrantFundedProgramsNetPosition">
      <ref:Publisher>Governmental Accounting Standards Board (GASB)</ref:Publisher>
      <ref:Name>Basic Financial Statements and Managements Discussion and Analysis for State and Local
Governments</ref:Name>
      <ref:Paragraph>GASB statement number 34</ref:Paragraph>
    </reference>
    <referenceArc xlink:type="arc" xlink:arcrole="http://www.xbrl.org/2003/arcrole/concept-reference" xlink:from="GrantFundedProgramsNetPosition" xlink:to="reference_GrantFundedProgramsNetPosition" xlink:title="reference: GrantFundedProgramsNetPosition to reference_GrantFundedProgramsNetPosition"/>
    <loc xlink:type="locator" xlink:href="us-cafr_core.xsd#us-cafr_DebtServiceNetPosition" xlink:label="DebtServiceNetPosition" xlink:title="DebtServiceNetPosition"/>
    <reference xlink:type="resource" xlink:label="reference_DebtServiceNetPosition" xlink:role="http://www.xbrl.org/2003/role/reference" xlink:title="reference_DebtServiceNetPosition" id="reference_DebtServiceNetPosition">
      <ref:Publisher>Governmental Accounting Standards Board (GASB)</ref:Publisher>
      <ref:Name>Basic Financial Statements and Managements Discussion and Analysis for State and Local
Governments</ref:Name>
      <ref:Paragraph>GASB statement number 34</ref:Paragraph>
    </reference>
    <referenceArc xlink:type="arc" xlink:arcrole="http://www.xbrl.org/2003/arcrole/concept-reference" xlink:from="DebtServiceNetPosition" xlink:to="reference_DebtServiceNetPosition" xlink:title="reference: DebtServiceNetPosition to reference_DebtServiceNetPosition"/>
    <loc xlink:type="locator" xlink:href="us-cafr_core.xsd#us-cafr_CultureAndRecreationNetPosition" xlink:label="CultureAndRecreationNetPosition" xlink:title="CultureAndRecreationNetPosition"/>
    <reference xlink:type="resource" xlink:label="reference_CultureAndRecreationNetPosition" xlink:role="http://www.xbrl.org/2003/role/reference" xlink:title="reference_CultureAndRecreationNetPosition" id="reference_CultureAndRecreationNetPosition">
      <ref:Publisher>Governmental Accounting Standards Board (GASB)</ref:Publisher>
      <ref:Name>Basic Financial Statements and Managements Discussion and Analysis for State and Local
Governments</ref:Name>
      <ref:Paragraph>GASB statement number 34</ref:Paragraph>
    </reference>
    <referenceArc xlink:type="arc" xlink:arcrole="http://www.xbrl.org/2003/arcrole/concept-reference" xlink:from="CultureAndRecreationNetPosition" xlink:to="reference_CultureAndRecreationNetPosition" xlink:title="reference: CultureAndRecreationNetPosition to reference_CultureAndRecreationNetPosition"/>
  </referenceLink>
</linkbase>
