﻿<?xml version="1.0" encoding="utf-8"?>


<!--Copyrights reserved for IRIS Business Services Ltd. 2018-->

<!-- © 2018 - Generated by IRIS Noah Taxonomy Editor -->
<!--
Taxonomy: 2018-05-01 (Final)
Copyright © 2018 ,Civic authorities, United States of America
All rights reserved.   
Civic Authorities Financial Reporting Taxonomy 2018
Taxonomy package
 -->


<tp:taxonomyPackage xmlns:tp="http://xbrl.org/PWD/2014-01-15/taxonomy-package" xml:lang="en" xmlns:xsi="http://www.w3.org/2001/XMLSchema-instance" xsi:schemaLocation="http://xbrl.org/PWD/2014-01-15/taxonomy-package.xsd">
<tp:identifier>https://www.myfloridacfo.com</tp:identifier>
<tp:name lang="en">Florida's Department of Financial Services</tp:name>
<tp:description lang="en">Florida's Department of Financial Services Taxonomy</tp:description>
<tp:version>1.0.0</tp:version>
<tp:publisher>Florida's Department of Financial Services</tp:publisher>
<tp:publisherURL>https://www.myfloridacfo.com</tp:publisherURL>
<tp:entryPoints>
<tp:entryPoint>
<tp:name lang="en">CAFR01 - Statement of net position</tp:name>
<tp:version>1.0.0</tp:version>
<tp:entryPointDocument href="reports/cafr01/1.0.0/cafr01-entry.xsd" />
</tp:entryPoint>
<tp:entryPoint>
<tp:name lang="en">CAFR02 - Statement of activities</tp:name>
<tp:version>1.0.0</tp:version>
<tp:entryPointDocument href="reports/cafr02/1.0.0/cafr02-entry.xsd" />
</tp:entryPoint>
<tp:entryPoint>
<tp:name lang="en">CAFR03 - Governmental funds - Balance sheet</tp:name>
<tp:version>1.0.0</tp:version>
<tp:entryPointDocument href="reports/cafr03/1.0.0/cafr03-entry.xsd" />
</tp:entryPoint>
<tp:entryPoint>
<tp:name lang="en">CAFR04 - Governmental funds - revenue, expenditure and changes </tp:name>
<tp:version>1.0.0</tp:version>
<tp:entryPointDocument href="reports/cafr04/1.0.0/cafr04-entry.xsd" />
</tp:entryPoint>
<tp:entryPoint>
<tp:name lang="en">CAFR05 - Statement of net position, proprietary funds </tp:name>
<tp:version>1.0.0</tp:version>
<tp:entryPointDocument href="reports/cafr05/1.0.0/cafr05-entry.xsd" />
</tp:entryPoint>
<tp:entryPoint>
<tp:name lang="en">CAFR06 - Net position of  proprietary funds - revenue, expenditure and changes </tp:name>
<tp:version>1.0.0</tp:version>
<tp:entryPointDocument href="reports/cafr06/1.0.0/cafr06-entry.xsd" />
</tp:entryPoint>
<tp:entryPoint>
<tp:name lang="en">CAFR07 - Net position of  proprietary funds - cash flow statement</tp:name>
<tp:version>1.0.0</tp:version>
<tp:entryPointDocument href="reports/cafr07/1.0.0/cafr07-entry.xsd" />
</tp:entryPoint>
<tp:entryPoint>
<tp:name lang="en">CAFR08A - Retirement funds fiduciary net position </tp:name>
<tp:version>1.0.0</tp:version>
<tp:entryPointDocument href="reports/cafr08a/1.0.0/cafr08a-entry.xsd" />
</tp:entryPoint>
<tp:entryPoint>
<tp:name lang="en">CAFR08B - Changes in retirement funds fiduciary net position </tp:name>
<tp:version>1.0.0</tp:version>
<tp:entryPointDocument href="reports/cafr08b/1.0.0/cafr08b-entry.xsd" />
</tp:entryPoint>
<tp:entryPoint>
<tp:name lang="en">CAFR09 - Disclosures of other post-employment benefits</tp:name>
<tp:version>1.0.0</tp:version>
<tp:entryPointDocument href="reports/cafr09/1.0.0/cafr09-entry.xsd" />
</tp:entryPoint>
<tp:entryPoint>
<tp:name lang="en">CAFR10A - General funds - budget and actual - revenue, expenditure and changes</tp:name>
<tp:version>1.0.0</tp:version>
<tp:entryPointDocument href="reports/cafr10a/1.0.0/cafr10a-entry.xsd" />
</tp:entryPoint>
<tp:entryPoint>
<tp:name lang="en">CAFR10B - Major special revenue funds 01 - budget and actual - revenue, expenditure and changes</tp:name>
<tp:version>1.0.0</tp:version>
<tp:entryPointDocument href="reports/cafr10b/1.0.0/cafr10b-entry.xsd" />
</tp:entryPoint>
<tp:entryPoint>
<tp:name lang="en">CAFR10C - Major special revenue funds 02 - budget and actual - revenue, expenditure and changes</tp:name>
<tp:version>1.0.0</tp:version>
<tp:entryPointDocument href="reports/cafr10c/1.0.0/cafr10c-entry.xsd" />
</tp:entryPoint>
<tp:entryPoint>
<tp:name lang="en">CAFR10D - Major special revenue funds 03 - budget and actual - revenue, expenditure and changes</tp:name>
<tp:version>1.0.0</tp:version>
<tp:entryPointDocument href="reports/cafr10d/1.0.0/cafr10d-entry.xsd" />
</tp:entryPoint>
<tp:entryPoint>
<tp:name lang="en">CAFR10E - Major special revenue funds 04 - budget and actual - revenue, expenditure and changes</tp:name>
<tp:version>1.0.0</tp:version>
<tp:entryPointDocument href="reports/cafr10e/1.0.0/cafr10e-entry.xsd" />
</tp:entryPoint>
<tp:entryPoint>
<tp:name lang="en">CAFR10F - Major special revenue funds 05 - budget and actual - revenue, expenditure and changes</tp:name>
<tp:version>1.0.0</tp:version>
<tp:entryPointDocument href="reports/cafr10f/1.0.0/cafr10f-entry.xsd" />
</tp:entryPoint>
<tp:entryPoint>
<tp:name lang="en">CAFR11 - Long term liabilities</tp:name>
<tp:version>1.0.0</tp:version>
<tp:entryPointDocument href="reports/cafr11/1.0.0/cafr11-entry.xsd" />
</tp:entryPoint>
<tp:entryPoint>
<tp:name lang="en">CAFR12 - Disclosures of tax abatements</tp:name>
<tp:version>1.0.0</tp:version>
<tp:entryPointDocument href="reports/cafr12/1.0.0/cafr12-entry.xsd" />
</tp:entryPoint>
<tp:entryPoint>
<tp:name lang="en">CAFR13 - Schedule of changes in net pension liability and related ratios</tp:name>
<tp:version>1.0.0</tp:version>
<tp:entryPointDocument href="reports/cafr13/1.0.0/cafr13-entry.xsd" />
</tp:entryPoint>
<tp:entryPoint>
<tp:name lang="en">CAFR14- Retirement fund contributions</tp:name>
<tp:version>1.0.0</tp:version>
<tp:entryPointDocument href="reports/cafr14/1.0.0/cafr14-entry.xsd" />
</tp:entryPoint>
<tp:entryPoint>
<tp:name lang="en">CAFR15- Net position by activities</tp:name>
<tp:version>1.0.0</tp:version>
<tp:entryPointDocument href="reports/cafr15/1.0.0/cafr15-entry.xsd" />
</tp:entryPoint>
<tp:entryPoint>
<tp:name lang="en">CAFR16 - Activities wise - changes in net position for last ten fiscal years</tp:name>
<tp:version>1.0.0</tp:version>
<tp:entryPointDocument href="reports/cafr16/1.0.0/cafr16-entry.xsd" />
</tp:entryPoint>
<tp:entryPoint>
<tp:name lang="en">CAFR17 - Governmental funds analysis for last ten fiscal years</tp:name>
<tp:version>1.0.0</tp:version>
<tp:entryPointDocument href="reports/cafr17/1.0.0/cafr17-entry.xsd" />
</tp:entryPoint>
<tp:entryPoint>
<tp:name lang="en">CAFR18- Governmental funds analysis of changes for last ten fiscal years</tp:name>
<tp:version>1.0.0</tp:version>
<tp:entryPointDocument href="reports/cafr18/1.0.0/cafr18-entry.xsd" />
</tp:entryPoint>
<tp:entryPoint>
<tp:name lang="en">CAFR19 - Ratio of outstanding debt for last ten fiscal years</tp:name>
<tp:version>1.0.0</tp:version>
<tp:entryPointDocument href="reports/cafr19/1.0.0/cafr19-entry.xsd" />
</tp:entryPoint>
<tp:entryPoint>
<tp:name lang="en">CAFR20 - Ratio of net general bond outstanding debt for last ten fiscal years</tp:name>
<tp:version>1.0.0</tp:version>
<tp:entryPointDocument href="reports/cafr20/1.0.0/cafr20-entry.xsd" />
</tp:entryPoint>
<tp:entryPoint>
<tp:name lang="en">CAFR21 - Governmental activities, direct and overlapping debt</tp:name>
<tp:version>1.0.0</tp:version>
<tp:entryPointDocument href="reports/cafr21/1.0.0/cafr21-entry.xsd" />
</tp:entryPoint>
<tp:entryPoint>
<tp:name lang="en">CAFR22 - Legal debt margin analysis for ten fiscal years</tp:name>
<tp:version>1.0.0</tp:version>
<tp:entryPointDocument href="reports/cafr22/1.0.0/cafr22-entry.xsd" />
</tp:entryPoint>
<tp:entryPoint>
<tp:name lang="en">CAFR23 - Pledged revenue coverage ratio for five fiscal years</tp:name>
<tp:version>1.0.0</tp:version>
<tp:entryPointDocument href="reports/cafr23/1.0.0/cafr23-entry.xsd" />
</tp:entryPoint>
<tp:entryPoint>
<tp:name lang="en">CAFR24 - Disclosure of complete statements</tp:name>
<tp:version>1.0.0</tp:version>
<tp:entryPointDocument href="reports/cafr24/1.0.0/cafr24-entry.xsd" />
</tp:entryPoint>
<tp:entryPoint>
<tp:name lang="en">Filing information</tp:name>
<tp:version>1.0.0</tp:version>
<tp:entryPointDocument href="reports/filinginfo/1.0.0/filinginfo-entry.xsd" />
</tp:entryPoint>
<tp:entryPoint>
<tp:name lang="en">Full entry point (This entry point will activate all returns)</tp:name>
<tp:version>1.0.0</tp:version>
<tp:entryPointDocument href="us-cafr_full-entry.xsd" />
</tp:entryPoint>
</tp:entryPoints>
</tp:taxonomyPackage>